--
-- PostgreSQL database dump
--

-- Dumped from database version 15.8
-- Dumped by pg_dump version 15.8

SET statement_timeout = 0;
SET lock_timeout = 0;
SET idle_in_transaction_session_timeout = 0;
SET client_encoding = 'UTF8';
SET standard_conforming_strings = on;
SELECT pg_catalog.set_config('search_path', '', false);
SET check_function_bodies = false;
SET xmloption = content;
SET client_min_messages = warning;
SET row_security = off;

--
-- Name: tiger; Type: SCHEMA; Schema: -; Owner: admin
--

CREATE SCHEMA tiger;


ALTER SCHEMA tiger OWNER TO admin;

--
-- Name: tiger_data; Type: SCHEMA; Schema: -; Owner: admin
--

CREATE SCHEMA tiger_data;


ALTER SCHEMA tiger_data OWNER TO admin;

--
-- Name: topology; Type: SCHEMA; Schema: -; Owner: admin
--

CREATE SCHEMA topology;


ALTER SCHEMA topology OWNER TO admin;

--
-- Name: SCHEMA topology; Type: COMMENT; Schema: -; Owner: admin
--

COMMENT ON SCHEMA topology IS 'PostGIS Topology schema';


--
-- Name: fuzzystrmatch; Type: EXTENSION; Schema: -; Owner: -
--

CREATE EXTENSION IF NOT EXISTS fuzzystrmatch WITH SCHEMA public;


--
-- Name: EXTENSION fuzzystrmatch; Type: COMMENT; Schema: -; Owner: 
--

COMMENT ON EXTENSION fuzzystrmatch IS 'determine similarities and distance between strings';


--
-- Name: postgis; Type: EXTENSION; Schema: -; Owner: -
--

CREATE EXTENSION IF NOT EXISTS postgis WITH SCHEMA public;


--
-- Name: EXTENSION postgis; Type: COMMENT; Schema: -; Owner: 
--

COMMENT ON EXTENSION postgis IS 'PostGIS geometry and geography spatial types and functions';


--
-- Name: postgis_tiger_geocoder; Type: EXTENSION; Schema: -; Owner: -
--

CREATE EXTENSION IF NOT EXISTS postgis_tiger_geocoder WITH SCHEMA tiger;


--
-- Name: EXTENSION postgis_tiger_geocoder; Type: COMMENT; Schema: -; Owner: 
--

COMMENT ON EXTENSION postgis_tiger_geocoder IS 'PostGIS tiger geocoder and reverse geocoder';


--
-- Name: postgis_topology; Type: EXTENSION; Schema: -; Owner: -
--

CREATE EXTENSION IF NOT EXISTS postgis_topology WITH SCHEMA topology;


--
-- Name: EXTENSION postgis_topology; Type: COMMENT; Schema: -; Owner: 
--

COMMENT ON EXTENSION postgis_topology IS 'PostGIS topology spatial types and functions';


SET default_tablespace = '';

SET default_table_access_method = heap;

--
-- Name: auth_group; Type: TABLE; Schema: public; Owner: admin
--

CREATE TABLE public.auth_group (
    id integer NOT NULL,
    name character varying(150) NOT NULL
);


ALTER TABLE public.auth_group OWNER TO admin;

--
-- Name: auth_group_id_seq; Type: SEQUENCE; Schema: public; Owner: admin
--

ALTER TABLE public.auth_group ALTER COLUMN id ADD GENERATED BY DEFAULT AS IDENTITY (
    SEQUENCE NAME public.auth_group_id_seq
    START WITH 1
    INCREMENT BY 1
    NO MINVALUE
    NO MAXVALUE
    CACHE 1
);


--
-- Name: auth_group_permissions; Type: TABLE; Schema: public; Owner: admin
--

CREATE TABLE public.auth_group_permissions (
    id bigint NOT NULL,
    group_id integer NOT NULL,
    permission_id integer NOT NULL
);


ALTER TABLE public.auth_group_permissions OWNER TO admin;

--
-- Name: auth_group_permissions_id_seq; Type: SEQUENCE; Schema: public; Owner: admin
--

ALTER TABLE public.auth_group_permissions ALTER COLUMN id ADD GENERATED BY DEFAULT AS IDENTITY (
    SEQUENCE NAME public.auth_group_permissions_id_seq
    START WITH 1
    INCREMENT BY 1
    NO MINVALUE
    NO MAXVALUE
    CACHE 1
);


--
-- Name: auth_permission; Type: TABLE; Schema: public; Owner: admin
--

CREATE TABLE public.auth_permission (
    id integer NOT NULL,
    name character varying(255) NOT NULL,
    content_type_id integer NOT NULL,
    codename character varying(100) NOT NULL
);


ALTER TABLE public.auth_permission OWNER TO admin;

--
-- Name: auth_permission_id_seq; Type: SEQUENCE; Schema: public; Owner: admin
--

ALTER TABLE public.auth_permission ALTER COLUMN id ADD GENERATED BY DEFAULT AS IDENTITY (
    SEQUENCE NAME public.auth_permission_id_seq
    START WITH 1
    INCREMENT BY 1
    NO MINVALUE
    NO MAXVALUE
    CACHE 1
);


--
-- Name: auth_user; Type: TABLE; Schema: public; Owner: admin
--

CREATE TABLE public.auth_user (
    id integer NOT NULL,
    password character varying(128) NOT NULL,
    last_login timestamp with time zone,
    is_superuser boolean NOT NULL,
    username character varying(150) NOT NULL,
    first_name character varying(150) NOT NULL,
    last_name character varying(150) NOT NULL,
    email character varying(254) NOT NULL,
    is_staff boolean NOT NULL,
    is_active boolean NOT NULL,
    date_joined timestamp with time zone NOT NULL
);


ALTER TABLE public.auth_user OWNER TO admin;

--
-- Name: auth_user_groups; Type: TABLE; Schema: public; Owner: admin
--

CREATE TABLE public.auth_user_groups (
    id bigint NOT NULL,
    user_id integer NOT NULL,
    group_id integer NOT NULL
);


ALTER TABLE public.auth_user_groups OWNER TO admin;

--
-- Name: auth_user_groups_id_seq; Type: SEQUENCE; Schema: public; Owner: admin
--

ALTER TABLE public.auth_user_groups ALTER COLUMN id ADD GENERATED BY DEFAULT AS IDENTITY (
    SEQUENCE NAME public.auth_user_groups_id_seq
    START WITH 1
    INCREMENT BY 1
    NO MINVALUE
    NO MAXVALUE
    CACHE 1
);


--
-- Name: auth_user_id_seq; Type: SEQUENCE; Schema: public; Owner: admin
--

ALTER TABLE public.auth_user ALTER COLUMN id ADD GENERATED BY DEFAULT AS IDENTITY (
    SEQUENCE NAME public.auth_user_id_seq
    START WITH 1
    INCREMENT BY 1
    NO MINVALUE
    NO MAXVALUE
    CACHE 1
);


--
-- Name: auth_user_user_permissions; Type: TABLE; Schema: public; Owner: admin
--

CREATE TABLE public.auth_user_user_permissions (
    id bigint NOT NULL,
    user_id integer NOT NULL,
    permission_id integer NOT NULL
);


ALTER TABLE public.auth_user_user_permissions OWNER TO admin;

--
-- Name: auth_user_user_permissions_id_seq; Type: SEQUENCE; Schema: public; Owner: admin
--

ALTER TABLE public.auth_user_user_permissions ALTER COLUMN id ADD GENERATED BY DEFAULT AS IDENTITY (
    SEQUENCE NAME public.auth_user_user_permissions_id_seq
    START WITH 1
    INCREMENT BY 1
    NO MINVALUE
    NO MAXVALUE
    CACHE 1
);


--
-- Name: django_admin_log; Type: TABLE; Schema: public; Owner: admin
--

CREATE TABLE public.django_admin_log (
    id integer NOT NULL,
    action_time timestamp with time zone NOT NULL,
    object_id text,
    object_repr character varying(200) NOT NULL,
    action_flag smallint NOT NULL,
    change_message text NOT NULL,
    content_type_id integer,
    user_id integer NOT NULL,
    CONSTRAINT django_admin_log_action_flag_check CHECK ((action_flag >= 0))
);


ALTER TABLE public.django_admin_log OWNER TO admin;

--
-- Name: django_admin_log_id_seq; Type: SEQUENCE; Schema: public; Owner: admin
--

ALTER TABLE public.django_admin_log ALTER COLUMN id ADD GENERATED BY DEFAULT AS IDENTITY (
    SEQUENCE NAME public.django_admin_log_id_seq
    START WITH 1
    INCREMENT BY 1
    NO MINVALUE
    NO MAXVALUE
    CACHE 1
);


--
-- Name: django_content_type; Type: TABLE; Schema: public; Owner: admin
--

CREATE TABLE public.django_content_type (
    id integer NOT NULL,
    app_label character varying(100) NOT NULL,
    model character varying(100) NOT NULL
);


ALTER TABLE public.django_content_type OWNER TO admin;

--
-- Name: django_content_type_id_seq; Type: SEQUENCE; Schema: public; Owner: admin
--

ALTER TABLE public.django_content_type ALTER COLUMN id ADD GENERATED BY DEFAULT AS IDENTITY (
    SEQUENCE NAME public.django_content_type_id_seq
    START WITH 1
    INCREMENT BY 1
    NO MINVALUE
    NO MAXVALUE
    CACHE 1
);


--
-- Name: django_migrations; Type: TABLE; Schema: public; Owner: admin
--

CREATE TABLE public.django_migrations (
    id bigint NOT NULL,
    app character varying(255) NOT NULL,
    name character varying(255) NOT NULL,
    applied timestamp with time zone NOT NULL
);


ALTER TABLE public.django_migrations OWNER TO admin;

--
-- Name: django_migrations_id_seq; Type: SEQUENCE; Schema: public; Owner: admin
--

ALTER TABLE public.django_migrations ALTER COLUMN id ADD GENERATED BY DEFAULT AS IDENTITY (
    SEQUENCE NAME public.django_migrations_id_seq
    START WITH 1
    INCREMENT BY 1
    NO MINVALUE
    NO MAXVALUE
    CACHE 1
);


--
-- Name: django_session; Type: TABLE; Schema: public; Owner: admin
--

CREATE TABLE public.django_session (
    session_key character varying(40) NOT NULL,
    session_data text NOT NULL,
    expire_date timestamp with time zone NOT NULL
);


ALTER TABLE public.django_session OWNER TO admin;

--
-- Name: store_cartitem; Type: TABLE; Schema: public; Owner: admin
--

CREATE TABLE public.store_cartitem (
    id bigint NOT NULL,
    quantity integer NOT NULL,
    created_at timestamp with time zone NOT NULL,
    product_id bigint NOT NULL,
    user_id integer,
    CONSTRAINT store_cartitem_quantity_check CHECK ((quantity >= 0))
);


ALTER TABLE public.store_cartitem OWNER TO admin;

--
-- Name: store_cartitem_id_seq; Type: SEQUENCE; Schema: public; Owner: admin
--

ALTER TABLE public.store_cartitem ALTER COLUMN id ADD GENERATED BY DEFAULT AS IDENTITY (
    SEQUENCE NAME public.store_cartitem_id_seq
    START WITH 1
    INCREMENT BY 1
    NO MINVALUE
    NO MAXVALUE
    CACHE 1
);


--
-- Name: store_category; Type: TABLE; Schema: public; Owner: admin
--

CREATE TABLE public.store_category (
    id bigint NOT NULL,
    name character varying(100) NOT NULL,
    slug character varying(100),
    active boolean NOT NULL,
    description text
);


ALTER TABLE public.store_category OWNER TO admin;

--
-- Name: store_category_id_seq; Type: SEQUENCE; Schema: public; Owner: admin
--

ALTER TABLE public.store_category ALTER COLUMN id ADD GENERATED BY DEFAULT AS IDENTITY (
    SEQUENCE NAME public.store_category_id_seq
    START WITH 1
    INCREMENT BY 1
    NO MINVALUE
    NO MAXVALUE
    CACHE 1
);


--
-- Name: store_coupon; Type: TABLE; Schema: public; Owner: admin
--

CREATE TABLE public.store_coupon (
    id bigint NOT NULL,
    code character varying(50) NOT NULL,
    discount_percent integer NOT NULL,
    active boolean NOT NULL,
    valid_to timestamp with time zone
);


ALTER TABLE public.store_coupon OWNER TO admin;

--
-- Name: store_coupon_id_seq; Type: SEQUENCE; Schema: public; Owner: admin
--

ALTER TABLE public.store_coupon ALTER COLUMN id ADD GENERATED BY DEFAULT AS IDENTITY (
    SEQUENCE NAME public.store_coupon_id_seq
    START WITH 1
    INCREMENT BY 1
    NO MINVALUE
    NO MAXVALUE
    CACHE 1
);


--
-- Name: store_order; Type: TABLE; Schema: public; Owner: admin
--

CREATE TABLE public.store_order (
    id bigint NOT NULL,
    full_name character varying(200) NOT NULL,
    phone character varying(20) NOT NULL,
    address text NOT NULL,
    total_price numeric(12,0) NOT NULL,
    status character varying(20) NOT NULL,
    created_at timestamp with time zone NOT NULL,
    user_id integer,
    email character varying(150)
);


ALTER TABLE public.store_order OWNER TO admin;

--
-- Name: store_order_id_seq; Type: SEQUENCE; Schema: public; Owner: admin
--

ALTER TABLE public.store_order ALTER COLUMN id ADD GENERATED BY DEFAULT AS IDENTITY (
    SEQUENCE NAME public.store_order_id_seq
    START WITH 1
    INCREMENT BY 1
    NO MINVALUE
    NO MAXVALUE
    CACHE 1
);


--
-- Name: store_orderitem; Type: TABLE; Schema: public; Owner: admin
--

CREATE TABLE public.store_orderitem (
    id bigint NOT NULL,
    price numeric(12,0) NOT NULL,
    quantity integer NOT NULL,
    order_id bigint NOT NULL,
    product_id bigint NOT NULL,
    CONSTRAINT store_orderitem_quantity_check CHECK ((quantity >= 0))
);


ALTER TABLE public.store_orderitem OWNER TO admin;

--
-- Name: store_orderitem_id_seq; Type: SEQUENCE; Schema: public; Owner: admin
--

ALTER TABLE public.store_orderitem ALTER COLUMN id ADD GENERATED BY DEFAULT AS IDENTITY (
    SEQUENCE NAME public.store_orderitem_id_seq
    START WITH 1
    INCREMENT BY 1
    NO MINVALUE
    NO MAXVALUE
    CACHE 1
);


--
-- Name: store_product; Type: TABLE; Schema: public; Owner: admin
--

CREATE TABLE public.store_product (
    id bigint NOT NULL,
    name character varying(200) NOT NULL,
    price numeric(12,0) NOT NULL,
    description text NOT NULL,
    image character varying(100),
    specs jsonb NOT NULL,
    category_id bigint,
    is_active boolean NOT NULL,
    stock integer NOT NULL
);


ALTER TABLE public.store_product OWNER TO admin;

--
-- Name: store_product_id_seq; Type: SEQUENCE; Schema: public; Owner: admin
--

ALTER TABLE public.store_product ALTER COLUMN id ADD GENERATED BY DEFAULT AS IDENTITY (
    SEQUENCE NAME public.store_product_id_seq
    START WITH 1
    INCREMENT BY 1
    NO MINVALUE
    NO MAXVALUE
    CACHE 1
);


--
-- Name: store_productreview; Type: TABLE; Schema: public; Owner: admin
--

CREATE TABLE public.store_productreview (
    id bigint NOT NULL,
    rating integer NOT NULL,
    content text NOT NULL,
    created_at timestamp with time zone NOT NULL,
    product_id bigint NOT NULL,
    user_id integer NOT NULL
);


ALTER TABLE public.store_productreview OWNER TO admin;

--
-- Name: store_productreview_id_seq; Type: SEQUENCE; Schema: public; Owner: admin
--

ALTER TABLE public.store_productreview ALTER COLUMN id ADD GENERATED BY DEFAULT AS IDENTITY (
    SEQUENCE NAME public.store_productreview_id_seq
    START WITH 1
    INCREMENT BY 1
    NO MINVALUE
    NO MAXVALUE
    CACHE 1
);


--
-- Name: store_stockhistory; Type: TABLE; Schema: public; Owner: admin
--

CREATE TABLE public.store_stockhistory (
    id bigint NOT NULL,
    stock_before integer NOT NULL,
    stock_after integer NOT NULL,
    change_amount integer NOT NULL,
    type character varying(20) NOT NULL,
    note text,
    created_at timestamp with time zone NOT NULL,
    product_id bigint NOT NULL,
    user_id integer
);


ALTER TABLE public.store_stockhistory OWNER TO admin;

--
-- Name: store_stockhistory_id_seq; Type: SEQUENCE; Schema: public; Owner: admin
--

ALTER TABLE public.store_stockhistory ALTER COLUMN id ADD GENERATED BY DEFAULT AS IDENTITY (
    SEQUENCE NAME public.store_stockhistory_id_seq
    START WITH 1
    INCREMENT BY 1
    NO MINVALUE
    NO MAXVALUE
    CACHE 1
);


--
-- Name: store_store; Type: TABLE; Schema: public; Owner: admin
--

CREATE TABLE public.store_store (
    id bigint NOT NULL,
    name character varying(100) NOT NULL,
    address character varying(255) NOT NULL,
    phone character varying(20) NOT NULL,
    location public.geometry(Point,4326) NOT NULL
);


ALTER TABLE public.store_store OWNER TO admin;

--
-- Name: store_store_id_seq; Type: SEQUENCE; Schema: public; Owner: admin
--

ALTER TABLE public.store_store ALTER COLUMN id ADD GENERATED BY DEFAULT AS IDENTITY (
    SEQUENCE NAME public.store_store_id_seq
    START WITH 1
    INCREMENT BY 1
    NO MINVALUE
    NO MAXVALUE
    CACHE 1
);


--
-- Data for Name: auth_group; Type: TABLE DATA; Schema: public; Owner: admin
--

COPY public.auth_group (id, name) FROM stdin;
\.


--
-- Data for Name: auth_group_permissions; Type: TABLE DATA; Schema: public; Owner: admin
--

COPY public.auth_group_permissions (id, group_id, permission_id) FROM stdin;
\.


--
-- Data for Name: auth_permission; Type: TABLE DATA; Schema: public; Owner: admin
--

COPY public.auth_permission (id, name, content_type_id, codename) FROM stdin;
1	Can add log entry	1	add_logentry
2	Can change log entry	1	change_logentry
3	Can delete log entry	1	delete_logentry
4	Can view log entry	1	view_logentry
5	Can add permission	2	add_permission
6	Can change permission	2	change_permission
7	Can delete permission	2	delete_permission
8	Can view permission	2	view_permission
9	Can add group	3	add_group
10	Can change group	3	change_group
11	Can delete group	3	delete_group
12	Can view group	3	view_group
13	Can add user	4	add_user
14	Can change user	4	change_user
15	Can delete user	4	delete_user
16	Can view user	4	view_user
17	Can add content type	5	add_contenttype
18	Can change content type	5	change_contenttype
19	Can delete content type	5	delete_contenttype
20	Can view content type	5	view_contenttype
21	Can add session	6	add_session
22	Can change session	6	change_session
23	Can delete session	6	delete_session
24	Can view session	6	view_session
25	Can add store	7	add_store
26	Can change store	7	change_store
27	Can delete store	7	delete_store
28	Can view store	7	view_store
29	Can add product	8	add_product
30	Can change product	8	change_product
31	Can delete product	8	delete_product
32	Can view product	8	view_product
33	Can add category	9	add_category
34	Can change category	9	change_category
35	Can delete category	9	delete_category
36	Can view category	9	view_category
37	Can add cart item	10	add_cartitem
38	Can change cart item	10	change_cartitem
39	Can delete cart item	10	delete_cartitem
40	Can view cart item	10	view_cartitem
41	Can add coupon	11	add_coupon
42	Can change coupon	11	change_coupon
43	Can delete coupon	11	delete_coupon
44	Can view coupon	11	view_coupon
45	Can add order	12	add_order
46	Can change order	12	change_order
47	Can delete order	12	delete_order
48	Can view order	12	view_order
49	Can add order item	13	add_orderitem
50	Can change order item	13	change_orderitem
51	Can delete order item	13	delete_orderitem
52	Can view order item	13	view_orderitem
53	Can add Lịch sử kho	14	add_stockhistory
54	Can change Lịch sử kho	14	change_stockhistory
55	Can delete Lịch sử kho	14	delete_stockhistory
56	Can view Lịch sử kho	14	view_stockhistory
57	Can add Đánh giá sản phẩm	15	add_productreview
58	Can change Đánh giá sản phẩm	15	change_productreview
59	Can delete Đánh giá sản phẩm	15	delete_productreview
60	Can view Đánh giá sản phẩm	15	view_productreview
\.


--
-- Data for Name: auth_user; Type: TABLE DATA; Schema: public; Owner: admin
--

COPY public.auth_user (id, password, last_login, is_superuser, username, first_name, last_name, email, is_staff, is_active, date_joined) FROM stdin;
2	pbkdf2_sha256$720000$2G4BHfK8fOyZpOOdaAvDUz$spoVuMCexTahzmOlLnAv5KjUK01rmlzyUxMqBR8dJ+w=	\N	f	user1			user1@example.com	f	t	2026-03-24 01:13:13.619173+00
3	pbkdf2_sha256$720000$Xm7qjfngp139EeIsAZmK4h$y1sSJCnaWQFFZwvZp3cLioDqhcuOIziHrjyDsfKeeOQ=	\N	f	user2			user2@example.com	f	t	2026-03-24 01:13:13.787108+00
4	pbkdf2_sha256$720000$OWFE8AyJ2vo1MWIH0mymxX$2OYaAYhdcNrBTdsl7JvJNohiiMPKvNKbqf1GO/uA+uA=	\N	f	khachhang1			khachhang1@example.com	f	t	2026-04-16 05:41:12.675958+00
5	pbkdf2_sha256$720000$ekwoReIrXP1z00eAUVaNPh$nzrFoubOEPZzy7Qmz1SDgE2G48N3kPqcAY9IDrluUks=	\N	f	khachhang2			khachhang2@example.com	f	t	2026-04-16 05:41:12.834654+00
6	pbkdf2_sha256$720000$0mmYKFJc3Zk4lLwuzmKQ9H$mz7fFRXVOv85ZGiFVo+FlD3/E7cHtVXB8fuClpRt+e8=	2026-04-16 06:34:48.919373+00	f	anhthieunang			anhemtaothieunang@gmail.com	f	t	2026-04-16 05:59:56.723711+00
8	pbkdf2_sha256$720000$F1BB8ZNFYNFnTDo542yaVU$wtfre9sULrIpm2cnb4riAS62iHVFf5zhM/mKpgnRyak=	2026-04-16 09:41:06.842351+00	f	phatnguyen			phatnguyen031225@gmail.com	f	t	2026-04-16 09:31:45.389847+00
1	pbkdf2_sha256$720000$p4uTg8mZEtY4FLUcEo1IKz$k3rZar2rGfIEsJ0PxeWKJjWh8ih7adal+01Dz40PJhQ=	2026-05-10 13:20:31.984309+00	t	admin			cktasn@gmail.com	t	t	2026-01-31 13:25:48.259031+00
\.


--
-- Data for Name: auth_user_groups; Type: TABLE DATA; Schema: public; Owner: admin
--

COPY public.auth_user_groups (id, user_id, group_id) FROM stdin;
\.


--
-- Data for Name: auth_user_user_permissions; Type: TABLE DATA; Schema: public; Owner: admin
--

COPY public.auth_user_user_permissions (id, user_id, permission_id) FROM stdin;
\.


--
-- Data for Name: django_admin_log; Type: TABLE DATA; Schema: public; Owner: admin
--

COPY public.django_admin_log (id, action_time, object_id, object_repr, action_flag, change_message, content_type_id, user_id) FROM stdin;
1	2026-01-31 14:07:13.565438+00	1	Dong ho co	1	[{"added": {}}]	9	1
2	2026-01-31 14:10:45.459438+00	1	Rolex Submariner	1	[{"added": {}}]	8	1
3	2026-01-31 14:15:39.183465+00	1	Cửa Hàng Đồng Hồ Giá Tốt.vn	1	[{"added": {}}]	7	1
4	2026-02-01 09:29:24.476991+00	2	nam	1	[{"added": {}}]	9	1
5	2026-02-01 09:31:03.980689+00	2	Cửa Hàng Đồng Hồ Giá Tốt.vn	1	[{"added": {}}]	7	1
6	2026-02-01 09:33:02.436302+00	2	Cửa Hàng Đồng Hồ Giá Tốt.vn	2	[{"changed": {"fields": ["Address", "Location"]}}]	7	1
7	2026-02-01 09:34:55.576238+00	1	Cửa Hàng Đồng Hồ Giá Tốt.vn	2	[{"changed": {"fields": ["Location"]}}]	7	1
\.


--
-- Data for Name: django_content_type; Type: TABLE DATA; Schema: public; Owner: admin
--

COPY public.django_content_type (id, app_label, model) FROM stdin;
1	admin	logentry
2	auth	permission
3	auth	group
4	auth	user
5	contenttypes	contenttype
6	sessions	session
7	store	store
8	store	product
9	store	category
10	store	cartitem
11	store	coupon
12	store	order
13	store	orderitem
14	store	stockhistory
15	store	productreview
\.


--
-- Data for Name: django_migrations; Type: TABLE DATA; Schema: public; Owner: admin
--

COPY public.django_migrations (id, app, name, applied) FROM stdin;
1	contenttypes	0001_initial	2026-01-31 13:17:21.100398+00
2	auth	0001_initial	2026-01-31 13:17:21.306965+00
3	admin	0001_initial	2026-01-31 13:17:21.345376+00
4	admin	0002_logentry_remove_auto_add	2026-01-31 13:17:21.355387+00
5	admin	0003_logentry_add_action_flag_choices	2026-01-31 13:17:21.366273+00
6	contenttypes	0002_remove_content_type_name	2026-01-31 13:17:21.395761+00
7	auth	0002_alter_permission_name_max_length	2026-01-31 13:17:21.413385+00
8	auth	0003_alter_user_email_max_length	2026-01-31 13:17:21.426203+00
9	auth	0004_alter_user_username_opts	2026-01-31 13:17:21.437615+00
10	auth	0005_alter_user_last_login_null	2026-01-31 13:17:21.451036+00
11	auth	0006_require_contenttypes_0002	2026-01-31 13:17:21.454658+00
12	auth	0007_alter_validators_add_error_messages	2026-01-31 13:17:21.466329+00
13	auth	0008_alter_user_username_max_length	2026-01-31 13:17:21.489029+00
14	auth	0009_alter_user_last_name_max_length	2026-01-31 13:17:21.506271+00
15	auth	0010_alter_group_name_max_length	2026-01-31 13:17:21.523483+00
16	auth	0011_update_proxy_permissions	2026-01-31 13:17:21.534969+00
17	auth	0012_alter_user_first_name_max_length	2026-01-31 13:17:21.546876+00
18	sessions	0001_initial	2026-01-31 13:17:21.580111+00
19	store	0001_initial	2026-01-31 14:07:04.76507+00
20	store	0002_cartitem	2026-02-02 04:32:55.470956+00
21	store	0003_coupon	2026-03-17 01:21:48.547962+00
22	store	0004_alter_category_options_alter_product_options_and_more	2026-03-17 01:48:30.568764+00
23	store	0005_order_orderitem	2026-03-23 03:35:48.196969+00
24	store	0006_order_email	2026-03-24 01:08:12.307645+00
25	store	0007_coupon_valid_to_product_is_active	2026-03-24 03:12:54.243924+00
26	store	0008_product_stock	2026-03-30 14:48:17.684317+00
27	store	0009_stockhistory	2026-04-16 08:03:18.830029+00
28	store	0010_productreview	2026-04-16 08:48:06.093072+00
\.


--
-- Data for Name: django_session; Type: TABLE DATA; Schema: public; Owner: admin
--

COPY public.django_session (session_key, session_data, expire_date) FROM stdin;
19s9yskph6d5uyu99gsr97isdqqx5btv	.eJxVjDsOwjAQRO_iGln-JYsp6TmDtd61cQDZUpxUiLuTSCmgnHlv5i0CrksJa09zmFhchBan3y4iPVPdAT-w3pukVpd5inJX5EG7vDVOr-vh_h0U7GVb-xHARG81ZU3AjpRTCc4KYvQOtB2VtTzkgcAlwxhNNswGPZLbkmfx-QLOQDgr:1vmAzK:MySGHgnXTmI56AsttKe_fhPVT6h56nJ8bzhgxlwQfxs	2026-02-14 13:26:10.379628+00
llh77vy5wrbdcqmb70xx5fv5kt0ufedd	.eJxVjDsOgzAQRO-ydWT5BxtTpucMaL1rB5IIJAMV4u4BiSIpZ-bN26Cjdem7dU6lGwQaMHD77SLxO43nIC8an5PiaVzKENWJqGudVTtJ-jwu9k_Q09wf71Aj2hic4WwYxbP2OuFdY4zBo3G1dk6qXDH6ZIWizVbEUiD2RwqnlKks0GzgoLH7_gU3jzxa:1vxFUt:pDv3W6cj69qekV5Rld0UNofildwU8l3CtclOXRFJeOo	2026-03-17 02:28:31.353583+00
unu1jtm695cbdvxmlgn0c28hncrx11q6	eyJjYXJ0X3RvdGFsIjozNTAwMDAwLjAsImNhcnQiOnsiMyI6NCwiMiI6MX19:1w4039:yhJJzJbU80H8shnGN3xW7ER03ZZe4x62jB-yl3iYNb4	2026-04-04 17:23:47.56397+00
cdxiiwk1z8521ovxbtklr907ipwr7pb8	e30:1w4qPX:w0wAOnFgU-XkSkhtM-CYQTz2JIPcHJxyMAWCwqN0vNg	2026-04-07 01:18:23.198844+00
jbgqja9cj8olyi4n1eomtnrw8chmsxxi	.eJxVjMsOwiAQRf-FtSFMywi4dN9vIDM8pGogKe3K-O_apAvd3nPOfQlP21r81tPi5yguAsTpd2MKj1R3EO9Ub02GVtdlZrkr8qBdTi2m5_Vw_w4K9fKtdUQgCjnxoIkDGI1gURFGk81ZZVIJMQwachqdsmCjJjcSE1sLxrF4fwD19Tgi:1w4qRH:Vbgtg5siwFqyKRUN7dDNx-fChXXwRovhj_PL6iWX8N4	2026-04-07 01:20:11.660922+00
f58czpqsqx8hjjhuzjpp7ovf152vauci	.eJxVjDsOgzAUBO_iOrL8wI4NZfqcwdrnTyBBWAJTRbl7QKJI2p3ZeQuPrQ5-W9Pixyh6QeLyuzHCK80HiE_MjyJDmesysjwUedJV3ktM0-10_wID1mF_62gICDlxo8GBrDbkjIKJNturylDJmNBoyqntlCMXNboWDHaObMd7NGCpvpaKSfRKqs8X4O09hw:1wDIVm:lebRRQ1kNKp8n0h9Al_n7Z0bMNUp1Fkvz2mxn1QwzBY	2026-04-30 08:55:46.712909+00
c5rnzxyrk294fzgtk9a6yqs8wfeeaoma	.eJxVj0EOgyAQRe_C2hBEisVl9z0DGYeh2lowiqumdy80pqmzmeS9Pz-ZF0NYkk0xwcS6uhX7cFExjNscgx0d65qKuXHNICQLz7IyU3_Zn51pQSpaZmphS4PdVlq-LezMDqwHfFAowt0h3CLHGNIy9rxE-G5Xfo2OpsuePRQMsA75mnqvWtBKAKKuBWiJGsDkb6QwRgvjoDatr3vRSk9KNCTxhI4MKaWVd-z9ATpSVJY:1wDJ5e:pGZV9YIW4mvdxAQoXDxf03_CusDRdu4qwThn4F_TVDM	2026-04-30 09:32:50.331602+00
d5idauig2msnc7builgbfzanpxr4gxzx	.eJxVjEFuwyAQRe8yawsNhEDwsvucAY2HcezWhcjGq6p3j4miVpnNl_5783-Aaa2xlkoL9P6M7RR2wGW_lxznBP2pgzRvR5FrpO8W0Ot_84_dZWVp0BxtpL1Ocd9kfW7ABd66gfhLcgPpk_KtKC65rvOgmqJedFPXkmT5eLlvAxNt0_Etw2g9OYvE7DSSM-yIgvZoMASHIZEOftQDejOKxZMYPnOSINY6Oyb4fQAw31Op:1wDJFm:BUIUl2UE_0kC3WxOlRFpMgP-FYdi9hl3y6IOwGI0IiM	2026-04-30 09:43:18.965762+00
w2farey9cmgwut10xl8f5izugvak5d9w	.eJxVjMsOwiAQRf-FtSFMywi4dN9vIDM8pGogKe3K-O_apAvd3nPOfQlP21r81tPi5yguAsTpd2MKj1R3EO9Ub02GVtdlZrkr8qBdTi2m5_Vw_w4K9fKtdUQgCjnxoIkDGI1gURFGk81ZZVIJMQwachqdsmCjJjcSE1sLxrF4fwD19Tgi:1wM459:Sr3m3h3vYTSbBAxHn7GG5n4cM1pMj350FWZ7pyD0eus	2026-05-24 13:20:31.997353+00
\.


--
-- Data for Name: spatial_ref_sys; Type: TABLE DATA; Schema: public; Owner: admin
--

COPY public.spatial_ref_sys (srid, auth_name, auth_srid, srtext, proj4text) FROM stdin;
\.


--
-- Data for Name: store_cartitem; Type: TABLE DATA; Schema: public; Owner: admin
--

COPY public.store_cartitem (id, quantity, created_at, product_id, user_id) FROM stdin;
4	1	2026-04-16 09:26:48.183318+00	5	6
6	1	2026-04-16 09:41:06.851263+00	20	8
\.


--
-- Data for Name: store_category; Type: TABLE DATA; Schema: public; Owner: admin
--

COPY public.store_category (id, name, slug, active, description) FROM stdin;
1	Dong ho co	dong-ho-co	t	\N
2	nam	nam	t	\N
3	Rolex	rolex	t	Thương hiệu đồng hồ cao cấp từ Thuỵ Sĩ
4	Omega	omega	t	Thương hiệu đồng hồ danh tiếng với lịch sử ấn tượng
5	Seiko	seiko	t	Đồng hồ chất lượng cao từ Nhật Bản
6	Casio	casio	t	Đồng hồ điện tử bền bỉ và hiện đại
7	Tissot	tissot	t	Sự kết hợp hoàn hảo giữa truyền thống và đổi mới
8	Orient	orient	t	Đồng hồ cơ khí Nhật Bản với thiết kế cổ điển
\.


--
-- Data for Name: store_coupon; Type: TABLE DATA; Schema: public; Owner: admin
--

COPY public.store_coupon (id, code, discount_percent, active, valid_to) FROM stdin;
1	freeship	10	t	\N
2	WELCOME10	10	t	2026-04-11 03:14:00.687558+00
3	SUMMER20	20	t	2026-04-20 03:14:00.712847+00
4	VIP50	50	t	2026-04-21 03:14:00.716937+00
5	FREESHIP	5	t	2026-04-11 03:14:00.722195+00
6	FLASH15	15	t	2026-04-19 03:14:00.72596+00
7	MEGA30	30	t	2026-04-16 03:14:00.73089+00
8	O2OSPECIAL	25	t	2026-04-17 03:14:00.734526+00
9	NEWYEAR2026	40	t	2026-04-13 03:14:00.737258+00
10	LUCKY88	8	t	2026-04-15 03:14:00.740983+00
11	CRAZYDEAL	60	t	2026-04-18 03:14:00.744002+00
\.


--
-- Data for Name: store_order; Type: TABLE DATA; Schema: public; Owner: admin
--

COPY public.store_order (id, full_name, phone, address, total_price, status, created_at, user_id, email) FROM stdin;
236	Trần Văn K	0965520910	TP. HCM	198500000	Delivered	2026-01-16 19:57:00+00	1	customer44@example.com
210	Vũ Văn G	0935178501	Đà Nẵng	147500000	Delivered	2026-01-07 14:23:00+00	1	customer18@example.com
192	Đặng Thu F	0959432176	Đồng Nai	2535000000	Delivered	2026-01-01 08:44:00+00	1	customer0@example.com
193	Nguyễn Văn A	0939681165	Huế	33500000	Delivered	2026-01-01 17:44:00+00	1	customer1@example.com
223	Phạm Minh D	0934793379	Hà Nội	589000000	Cancelled	2026-01-10 20:03:00+00	1	customer31@example.com
194	Trần Văn K	0953828818	Bình Dương	322000000	Delivered	2026-01-01 09:22:00+00	1	customer2@example.com
211	Nguyễn Thị I	0986454587	Quảng Ninh	31500000	Delivered	2026-01-07 15:38:00+00	1	customer19@example.com
195	Đặng Thu F	0912121623	Hải Phòng	881000000	Shipped	2026-01-01 13:38:00+00	1	customer3@example.com
196	Trần Văn K	0983721144	Cần Thơ	460000000	Delivered	2026-01-02 18:11:00+00	1	customer4@example.com
197	Trần Văn K	0990567426	Hà Nội	2535000000	Delivered	2026-01-02 16:37:00+00	1	customer5@example.com
212	Trần Văn K	0956710032	Huế	150000000	Delivered	2026-01-08 14:15:00+00	1	customer20@example.com
198	Trần Thị B	0971463853	Hà Nội	11400000	Delivered	2026-01-02 14:53:00+00	1	customer6@example.com
199	Hoàng Anh E	0934181847	Hà Nội	664500000	Delivered	2026-01-02 10:15:00+00	1	customer7@example.com
231	Vũ Văn G	0986422589	Hải Phòng	872000000	Delivered	2026-01-14 16:51:00+00	1	customer39@example.com
200	Bùi Thị H	0915400029	Quảng Ninh	1000000	Cancelled	2026-01-03 13:03:00+00	1	customer8@example.com
213	Nguyễn Thị I	0939342236	Quảng Ninh	189000000	Cancelled	2026-01-08 11:22:00+00	1	customer21@example.com
201	Bùi Thị H	0936992010	TP. HCM	7500000	Cancelled	2026-01-03 10:09:00+00	1	customer9@example.com
202	Hoàng Anh E	0931347387	Bình Dương	152200000	Shipped	2026-01-03 14:55:00+00	1	customer10@example.com
224	Nguyễn Văn A	0910603292	TP. HCM	560500000	Processing	2026-01-10 17:45:00+00	1	customer32@example.com
203	Vũ Văn G	0940632303	Quảng Ninh	1737000000	Cancelled	2026-01-03 19:48:00+00	1	customer11@example.com
214	Vũ Văn G	0998045497	Hải Phòng	40500000	Cancelled	2026-01-08 11:15:00+00	1	customer22@example.com
204	Trần Thị B	0919328920	Huế	44000000	Delivered	2026-01-04 17:34:00+00	1	customer12@example.com
205	Nguyễn Thị I	0958110179	TP. HCM	12000000	Delivered	2026-01-04 11:00:00+00	1	customer13@example.com
206	Đặng Thu F	0920963892	Cần Thơ	157400000	Delivered	2026-01-05 13:59:00+00	1	customer14@example.com
215	Phạm Minh D	0949556669	Bình Dương	387000000	Processing	2026-01-08 08:52:00+00	1	customer23@example.com
207	Hoàng Anh E	0980016196	Quảng Ninh	15000000	Cancelled	2026-01-05 09:37:00+00	1	customer15@example.com
208	Lê Văn C	0979374533	Hà Nội	7500000	Delivered	2026-01-05 19:52:00+00	1	customer16@example.com
209	Nguyễn Văn A	0963190028	Cần Thơ	1980000000	Cancelled	2026-01-06 11:28:00+00	1	customer17@example.com
216	Nguyễn Văn A	0985116484	Đồng Nai	2527000000	Delivered	2026-01-09 12:34:00+00	1	customer24@example.com
225	Vũ Văn G	0974581605	Quảng Ninh	42200000	Delivered	2026-01-11 10:40:00+00	1	customer33@example.com
217	Hoàng Anh E	0947111471	Bình Dương	15000000	Delivered	2026-01-09 11:11:00+00	1	customer25@example.com
218	Trần Văn K	0996230876	Quảng Ninh	1704500000	Delivered	2026-01-09 11:36:00+00	1	customer26@example.com
219	Hoàng Anh E	0983464656	Huế	874000000	Delivered	2026-01-09 20:14:00+00	1	customer27@example.com
226	Nguyễn Văn A	0936181239	Hà Nội	5000000	Shipped	2026-01-11 19:44:00+00	1	customer34@example.com
220	Vũ Văn G	0924713630	Hải Phòng	560000000	Delivered	2026-01-09 17:43:00+00	1	customer28@example.com
221	Vũ Văn G	0940812077	Đà Nẵng	2400000	Delivered	2026-01-10 20:53:00+00	1	customer29@example.com
232	Trần Văn K	0911719142	Hải Phòng	150000000	Cancelled	2026-01-15 18:52:00+00	1	customer40@example.com
222	Vũ Văn G	0988257434	Quảng Ninh	700000000	Delivered	2026-01-10 17:55:00+00	1	customer30@example.com
227	Nguyễn Văn A	0944490984	Đồng Nai	9000000	Delivered	2026-01-11 17:05:00+00	1	customer35@example.com
228	Lê Văn C	0961812881	Bình Dương	18500000	Shipped	2026-01-11 19:59:00+00	1	customer36@example.com
243	Nguyễn Thị I	0963096370	Đà Nẵng	32000000	Processing	2026-01-20 13:21:00+00	1	customer51@example.com
229	Trần Văn K	0934223111	Bình Dương	9500000	Shipped	2026-01-12 16:46:00+00	1	customer37@example.com
233	Phạm Minh D	0958906450	Đà Nẵng	10000000	Cancelled	2026-01-16 18:36:00+00	1	customer41@example.com
230	Hoàng Anh E	0993733222	Đà Nẵng	65500000	Delivered	2026-01-13 13:28:00+00	1	customer38@example.com
237	Vũ Văn G	0924581452	Đồng Nai	2507500000	Delivered	2026-01-16 13:00:00+00	1	customer45@example.com
234	Trần Văn K	0941987471	Huế	209000000	Cancelled	2026-01-16 15:45:00+00	1	customer42@example.com
235	Lê Văn C	0928631956	Hải Phòng	180000000	Processing	2026-01-16 10:39:00+00	1	customer43@example.com
240	Lê Văn C	0923999371	Đà Nẵng	1500000	Shipped	2026-01-18 16:06:00+00	1	customer48@example.com
238	Bùi Thị H	0932795521	Hà Nội	1980000000	Cancelled	2026-01-17 18:50:00+00	1	customer46@example.com
242	Bùi Thị H	0920641222	Huế	751500000	Delivered	2026-01-20 14:30:00+00	1	customer50@example.com
239	Bùi Thị H	0975732896	Hà Nội	44000000	Shipped	2026-01-17 14:27:00+00	1	customer47@example.com
241	Vũ Văn G	0952656961	Hải Phòng	140000000	Delivered	2026-01-19 15:39:00+00	1	customer49@example.com
244	Nguyễn Văn A	0991606968	TP. HCM	655000000	Delivered	2026-01-20 15:21:00+00	1	customer52@example.com
245	Hoàng Anh E	0940187833	Bình Dương	295000000	Shipped	2026-01-20 15:27:00+00	1	customer53@example.com
246	Hoàng Anh E	0951097967	Hải Phòng	7200000	Shipped	2026-01-20 20:47:00+00	1	customer54@example.com
247	Bùi Thị H	0924137245	Hà Nội	10500000	Cancelled	2026-01-21 11:24:00+00	1	customer55@example.com
248	Trần Văn K	0945150007	Huế	2500000000	Processing	2026-01-21 15:58:00+00	1	customer56@example.com
249	Nguyễn Văn A	0993100203	Cần Thơ	1200000	Delivered	2026-01-22 18:52:00+00	1	customer57@example.com
250	Lê Văn C	0920559916	Bình Dương	26400000	Delivered	2026-01-22 11:09:00+00	1	customer58@example.com
282	Đặng Thu F	0926543251	Huế	2546000000	Processing	2026-01-30 09:11:00+00	1	customer90@example.com
251	Phạm Minh D	0927922721	Bình Dương	5018500000	Delivered	2026-01-22 17:45:00+00	1	customer59@example.com
270	Hoàng Anh E	0915963497	Quảng Ninh	4200000000	Delivered	2026-01-26 12:45:00+00	1	customer78@example.com
252	Hoàng Anh E	0948072491	Quảng Ninh	5052000000	Shipped	2026-01-22 18:07:00+00	1	customer60@example.com
253	Nguyễn Văn A	0996781431	Bình Dương	25000000	Delivered	2026-01-23 14:53:00+00	1	customer61@example.com
254	Trần Thị B	0989855575	Quảng Ninh	34500000	Cancelled	2026-01-23 15:55:00+00	1	customer62@example.com
271	Hoàng Anh E	0982675077	Đồng Nai	716200000	Shipped	2026-01-27 13:20:00+00	1	customer79@example.com
255	Đặng Thu F	0999884883	Huế	24000000	Processing	2026-01-23 19:18:00+00	1	customer63@example.com
256	Nguyễn Văn A	0969346403	TP. HCM	36000000	Shipped	2026-01-24 11:07:00+00	1	customer64@example.com
290	Bùi Thị H	0945368557	Hải Phòng	140000000	Shipped	2026-02-02 10:30:00+00	1	customer98@example.com
257	Lê Văn C	0990210429	Cần Thơ	5500000	Delivered	2026-01-24 09:08:00+00	1	customer65@example.com
272	Hoàng Anh E	0944349320	Quảng Ninh	18500000	Delivered	2026-01-27 15:14:00+00	1	customer80@example.com
258	Hoàng Anh E	0944487739	Đà Nẵng	152000000	Delivered	2026-01-24 20:18:00+00	1	customer66@example.com
259	Lê Văn C	0955464668	Huế	168500000	Delivered	2026-01-24 13:23:00+00	1	customer67@example.com
283	Lê Văn C	0978235183	Hà Nội	599500000	Delivered	2026-01-30 16:52:00+00	1	customer91@example.com
260	Hoàng Anh E	0920687312	Quảng Ninh	40000000	Delivered	2026-01-24 18:07:00+00	1	customer68@example.com
273	Hoàng Anh E	0937134728	Đà Nẵng	359000000	Processing	2026-01-28 08:35:00+00	1	customer81@example.com
261	Hoàng Anh E	0919732859	TP. HCM	16200000	Delivered	2026-01-25 18:45:00+00	1	customer69@example.com
262	Vũ Văn G	0950617996	Bình Dương	49000000	Delivered	2026-01-25 19:17:00+00	1	customer70@example.com
263	Trần Thị B	0931886223	Đồng Nai	5004500000	Delivered	2026-01-25 13:13:00+00	1	customer71@example.com
274	Vũ Văn G	0912708626	Hải Phòng	1006000000	Delivered	2026-01-28 19:34:00+00	1	customer82@example.com
264	Vũ Văn G	0974066682	TP. HCM	300000000	Delivered	2026-01-25 08:07:00+00	1	customer72@example.com
265	Hoàng Anh E	0983057227	Cần Thơ	430000000	Delivered	2026-01-25 10:54:00+00	1	customer73@example.com
266	Bùi Thị H	0946299492	Bình Dương	13000000	Delivered	2026-01-26 11:03:00+00	1	customer74@example.com
275	Nguyễn Thị I	0987164586	Huế	30000000	Processing	2026-01-28 18:41:00+00	1	customer83@example.com
267	Hoàng Anh E	0974645896	Đồng Nai	169500000	Delivered	2026-01-26 15:50:00+00	1	customer75@example.com
268	Lê Văn C	0944103076	Hải Phòng	2075000000	Shipped	2026-01-26 17:59:00+00	1	customer76@example.com
284	Nguyễn Văn A	0971150096	Hải Phòng	5145500000	Delivered	2026-01-31 16:51:00+00	1	customer92@example.com
269	Lê Văn C	0929120271	TP. HCM	652500000	Processing	2026-01-26 15:01:00+00	1	customer77@example.com
276	Đặng Thu F	0929264872	Bình Dương	701000000	Delivered	2026-01-28 13:39:00+00	1	customer84@example.com
277	Hoàng Anh E	0920380091	Hà Nội	582500000	Processing	2026-01-29 08:30:00+00	1	customer85@example.com
299	Bùi Thị H	0956161504	Bình Dương	70000000	Processing	2026-02-06 16:43:00+00	1	customer107@example.com
278	Vũ Văn G	0926763173	Cần Thơ	741500000	Delivered	2026-01-29 15:24:00+00	1	customer86@example.com
285	Phạm Minh D	0930879258	Quảng Ninh	19700000	Shipped	2026-01-31 19:16:00+00	1	customer93@example.com
279	Nguyễn Văn A	0939589282	Hà Nội	5000000	Processing	2026-01-30 13:23:00+00	1	customer87@example.com
280	Vũ Văn G	0925316032	TP. HCM	737000000	Cancelled	2026-01-30 19:23:00+00	1	customer88@example.com
291	Trần Thị B	0921750076	Cần Thơ	24000000	Shipped	2026-02-02 08:08:00+00	1	customer99@example.com
281	Trần Thị B	0942750609	Đà Nẵng	30000000	Cancelled	2026-01-30 20:24:00+00	1	customer89@example.com
286	Nguyễn Thị I	0929270276	TP. HCM	1042000000	Delivered	2026-01-31 18:57:00+00	1	customer94@example.com
296	Lê Văn C	0927950456	Bình Dương	54000000	Processing	2026-02-04 10:24:00+00	1	customer104@example.com
287	Hoàng Anh E	0924844796	Cần Thơ	10200000	Delivered	2026-01-31 20:12:00+00	1	customer95@example.com
292	Trần Văn K	0932427021	Đồng Nai	3000000	Shipped	2026-02-02 16:22:00+00	1	customer100@example.com
288	Phạm Minh D	0991595601	Hà Nội	15500000	Processing	2026-02-01 12:30:00+00	1	customer96@example.com
289	Trần Thị B	0990114298	TP. HCM	11000000	Delivered	2026-02-01 09:11:00+00	1	customer97@example.com
293	Vũ Văn G	0923391038	Huế	20000000	Delivered	2026-02-02 16:25:00+00	1	customer101@example.com
297	Bùi Thị H	0979316415	Hà Nội	560000000	Processing	2026-02-05 10:00:00+00	1	customer105@example.com
294	Đặng Thu F	0915677763	Huế	2525200000	Shipped	2026-02-03 08:58:00+00	1	customer102@example.com
295	Vũ Văn G	0941261527	Đồng Nai	1700000000	Shipped	2026-02-03 18:39:00+00	1	customer103@example.com
301	Trần Thị B	0950157865	Hải Phòng	2400000	Delivered	2026-02-06 17:01:00+00	1	customer109@example.com
298	Vũ Văn G	0941849460	Bình Dương	44000000	Delivered	2026-02-06 09:42:00+00	1	customer106@example.com
300	Lê Văn C	0946108098	Hà Nội	180000000	Delivered	2026-02-06 14:57:00+00	1	customer108@example.com
303	Lê Văn C	0994244312	TP. HCM	37000000	Delivered	2026-02-08 19:28:00+00	1	customer111@example.com
302	Bùi Thị H	0998595947	Cần Thơ	591000000	Delivered	2026-02-07 18:35:00+00	1	customer110@example.com
304	Đặng Thu F	0944144829	Cần Thơ	280000000	Delivered	2026-02-09 11:54:00+00	1	customer112@example.com
305	Trần Thị B	0955433285	Huế	360000000	Delivered	2026-02-09 12:11:00+00	1	customer113@example.com
306	Trần Thị B	0945245446	Đà Nẵng	182000000	Delivered	2026-02-09 17:54:00+00	1	customer114@example.com
307	Nguyễn Văn A	0976969590	Cần Thơ	560000000	Processing	2026-02-10 11:19:00+00	1	customer115@example.com
308	Hoàng Anh E	0910842043	Hà Nội	31500000	Cancelled	2026-02-10 08:41:00+00	1	customer116@example.com
309	Đặng Thu F	0915762969	Bình Dương	5217000000	Shipped	2026-02-10 18:38:00+00	1	customer117@example.com
315	Vũ Văn G	0935240618	Cần Thơ	2500000	Cancelled	2026-02-13 14:12:00+00	1	customer123@example.com
310	Trần Văn K	0977778771	Bình Dương	280000000	Delivered	2026-02-11 18:25:00+00	1	customer118@example.com
332	Hoàng Anh E	0947779695	Hải Phòng	2500000000	Delivered	2026-02-19 08:41:00+00	1	customer140@example.com
316	Nguyễn Văn A	0999181852	Bình Dương	1417500000	Processing	2026-02-13 16:18:00+00	1	customer124@example.com
311	Trần Thị B	0985710378	Đồng Nai	700000000	Cancelled	2026-02-11 16:58:00+00	1	customer119@example.com
317	Vũ Văn G	0962988221	TP. HCM	1130000000	Delivered	2026-02-13 12:39:00+00	1	customer125@example.com
312	Đặng Thu F	0944728800	Đồng Nai	1557500000	Delivered	2026-02-11 14:15:00+00	1	customer120@example.com
343	Bùi Thị H	0965884850	Đồng Nai	315000000	Shipped	2026-02-22 14:39:00+00	1	customer151@example.com
313	Trần Văn K	0965265409	Hà Nội	850000000	Shipped	2026-02-12 16:30:00+00	1	customer121@example.com
318	Nguyễn Thị I	0936307958	Bình Dương	10500000	Cancelled	2026-02-14 14:07:00+00	1	customer126@example.com
314	Phạm Minh D	0959050015	Đồng Nai	5004500000	Cancelled	2026-02-12 18:10:00+00	1	customer122@example.com
333	Phạm Minh D	0960463200	Huế	3000000	Cancelled	2026-02-19 08:18:00+00	1	customer141@example.com
319	Đặng Thu F	0970999063	Hải Phòng	850000000	Delivered	2026-02-14 14:32:00+00	1	customer127@example.com
320	Hoàng Anh E	0943785190	Huế	1000000	Delivered	2026-02-14 20:01:00+00	1	customer128@example.com
321	Lê Văn C	0939468585	TP. HCM	295000000	Delivered	2026-02-15 18:53:00+00	1	customer129@example.com
334	Phạm Minh D	0949132593	Đồng Nai	350000000	Delivered	2026-02-19 11:35:00+00	1	customer142@example.com
322	Hoàng Anh E	0932554939	TP. HCM	1720500000	Delivered	2026-02-15 18:32:00+00	1	customer130@example.com
323	Vũ Văn G	0941115597	Hà Nội	170000000	Shipped	2026-02-15 13:36:00+00	1	customer131@example.com
350	Hoàng Anh E	0968046677	Quảng Ninh	2537500000	Shipped	2026-02-25 10:22:00+00	1	customer158@example.com
324	Phạm Minh D	0941041274	Cần Thơ	850000000	Cancelled	2026-02-15 08:58:00+00	1	customer132@example.com
335	Phạm Minh D	0968654743	Huế	639000000	Shipped	2026-02-19 10:08:00+00	1	customer143@example.com
325	Bùi Thị H	0975807998	Quảng Ninh	307500000	Delivered	2026-02-16 08:36:00+00	1	customer133@example.com
326	Đặng Thu F	0996494471	Hà Nội	35000000	Delivered	2026-02-16 13:41:00+00	1	customer134@example.com
344	Nguyễn Văn A	0932193709	Bình Dương	375000000	Delivered	2026-02-22 09:53:00+00	1	customer152@example.com
327	Nguyễn Văn A	0996458659	Đồng Nai	190500000	Shipped	2026-02-16 17:55:00+00	1	customer135@example.com
336	Nguyễn Thị I	0928471021	Bình Dương	1000000	Shipped	2026-02-20 11:31:00+00	1	customer144@example.com
328	Lê Văn C	0923955308	Đà Nẵng	288700000	Cancelled	2026-02-16 10:46:00+00	1	customer136@example.com
329	Hoàng Anh E	0965084167	Huế	149000000	Cancelled	2026-02-17 12:04:00+00	1	customer137@example.com
330	Trần Thị B	0917992029	Hà Nội	398000000	Shipped	2026-02-17 20:26:00+00	1	customer138@example.com
337	Bùi Thị H	0975051803	Quảng Ninh	306000000	Delivered	2026-02-21 19:49:00+00	1	customer145@example.com
331	Nguyễn Văn A	0992044961	Đà Nẵng	35500000	Cancelled	2026-02-18 18:33:00+00	1	customer139@example.com
338	Trần Văn K	0993305768	Hải Phòng	27000000	Processing	2026-02-21 16:42:00+00	1	customer146@example.com
345	Nguyễn Thị I	0926313667	Huế	1297000000	Delivered	2026-02-23 15:12:00+00	1	customer153@example.com
339	Trần Thị B	0971576164	Đà Nẵng	44500000	Delivered	2026-02-21 17:04:00+00	1	customer147@example.com
340	Hoàng Anh E	0941475007	Hà Nội	9000000	Cancelled	2026-02-21 14:43:00+00	1	customer148@example.com
355	Phạm Minh D	0946801379	Cần Thơ	187500000	Shipped	2026-02-26 13:29:00+00	1	customer163@example.com
341	Hoàng Anh E	0992750183	TP. HCM	59000000	Processing	2026-02-22 09:09:00+00	1	customer149@example.com
346	Đặng Thu F	0933735983	Quảng Ninh	150000000	Delivered	2026-02-23 08:27:00+00	1	customer154@example.com
342	Vũ Văn G	0923524022	Quảng Ninh	5022000000	Delivered	2026-02-22 11:07:00+00	1	customer150@example.com
351	Nguyễn Văn A	0928571493	TP. HCM	340500000	Cancelled	2026-02-25 17:24:00+00	1	customer159@example.com
347	Nguyễn Văn A	0995848170	Bình Dương	44000000	Processing	2026-02-24 11:29:00+00	1	customer155@example.com
348	Vũ Văn G	0996718766	Quảng Ninh	330000000	Processing	2026-02-25 13:33:00+00	1	customer156@example.com
349	Đặng Thu F	0998026584	Cần Thơ	11400000	Shipped	2026-02-25 19:27:00+00	1	customer157@example.com
352	Vũ Văn G	0957369042	Bình Dương	5031000000	Delivered	2026-02-26 17:43:00+00	1	customer160@example.com
358	Đặng Thu F	0927786857	Hải Phòng	1000500000	Shipped	2026-02-28 14:53:00+00	1	customer166@example.com
353	Lê Văn C	0999945142	Huế	44000000	Shipped	2026-02-26 19:21:00+00	1	customer161@example.com
356	Nguyễn Thị I	0948119052	Đà Nẵng	37000000	Processing	2026-02-27 17:13:00+00	1	customer164@example.com
354	Nguyễn Văn A	0986419168	Hải Phòng	15000000	Delivered	2026-02-26 16:52:00+00	1	customer162@example.com
357	Vũ Văn G	0970279891	Bình Dương	16000000	Delivered	2026-02-28 13:47:00+00	1	customer165@example.com
360	Nguyễn Thị I	0992262958	Đồng Nai	515500000	Processing	2026-03-01 13:24:00+00	1	customer168@example.com
359	Trần Thị B	0988069634	Cần Thơ	207500000	Delivered	2026-03-01 16:28:00+00	1	customer167@example.com
361	Hoàng Anh E	0915067347	Đồng Nai	562400000	Delivered	2026-03-01 08:28:00+00	1	customer169@example.com
362	Lê Văn C	0983186962	Hà Nội	12900000	Cancelled	2026-03-01 20:04:00+00	1	customer170@example.com
363	Bùi Thị H	0995431685	Huế	39700000	Processing	2026-03-01 09:57:00+00	1	customer171@example.com
364	Phạm Minh D	0999788945	TP. HCM	360000000	Delivered	2026-03-02 09:24:00+00	1	customer172@example.com
365	Bùi Thị H	0998738404	Đà Nẵng	211000000	Delivered	2026-03-02 18:58:00+00	1	customer173@example.com
366	Trần Thị B	0976947829	Hà Nội	1700000000	Delivered	2026-03-03 19:56:00+00	1	customer174@example.com
367	Bùi Thị H	0975245133	Cần Thơ	5887000000	Delivered	2026-03-04 18:08:00+00	1	customer175@example.com
399	Phạm Minh D	0947000313	Đà Nẵng	89000000	Delivered	2026-03-12 13:54:00+00	1	customer207@example.com
368	Vũ Văn G	0991747909	Hải Phòng	660000000	Delivered	2026-03-04 08:31:00+00	1	customer176@example.com
387	Bùi Thị H	0927789472	TP. HCM	1722000000	Delivered	2026-03-09 15:18:00+00	1	customer195@example.com
369	Đặng Thu F	0979834133	Huế	2517500000	Shipped	2026-03-04 11:46:00+00	1	customer177@example.com
370	Trần Thị B	0949944034	Đà Nẵng	344000000	Shipped	2026-03-04 18:06:00+00	1	customer178@example.com
371	Nguyễn Thị I	0932438997	Cần Thơ	1756000000	Delivered	2026-03-04 19:35:00+00	1	customer179@example.com
388	Phạm Minh D	0920337470	Huế	298500000	Cancelled	2026-03-09 19:32:00+00	1	customer196@example.com
372	Đặng Thu F	0983639082	Huế	48000000	Delivered	2026-03-05 10:39:00+00	1	customer180@example.com
373	Nguyễn Thị I	0957639636	Hà Nội	560000000	Delivered	2026-03-06 13:49:00+00	1	customer181@example.com
407	Bùi Thị H	0926815718	Đà Nẵng	224000000	Delivered	2026-03-15 16:06:00+00	1	customer215@example.com
374	Nguyễn Thị I	0959118268	TP. HCM	1500000	Delivered	2026-03-06 19:44:00+00	1	customer182@example.com
389	Trần Văn K	0979500178	TP. HCM	322500000	Delivered	2026-03-09 17:10:00+00	1	customer197@example.com
375	Bùi Thị H	0981717855	Huế	37000000	Cancelled	2026-03-06 19:43:00+00	1	customer183@example.com
376	Đặng Thu F	0923188973	TP. HCM	34500000	Shipped	2026-03-06 11:20:00+00	1	customer184@example.com
400	Vũ Văn G	0912443197	Hải Phòng	31500000	Delivered	2026-03-12 12:56:00+00	1	customer208@example.com
377	Đặng Thu F	0920184909	Cần Thơ	4500000	Shipped	2026-03-06 18:44:00+00	1	customer185@example.com
390	Nguyễn Thị I	0948887005	Đà Nẵng	42000000	Processing	2026-03-09 18:09:00+00	1	customer198@example.com
378	Trần Thị B	0984581761	Cần Thơ	601000000	Delivered	2026-03-07 10:03:00+00	1	customer186@example.com
379	Nguyễn Văn A	0963028780	Đà Nẵng	29500000	Processing	2026-03-07 11:40:00+00	1	customer187@example.com
380	Hoàng Anh E	0932274530	Cần Thơ	5360000000	Cancelled	2026-03-07 14:19:00+00	1	customer188@example.com
391	Hoàng Anh E	0998472930	Cần Thơ	188200000	Cancelled	2026-03-09 13:12:00+00	1	customer199@example.com
381	Hoàng Anh E	0966215559	Quảng Ninh	36500000	Processing	2026-03-07 17:57:00+00	1	customer189@example.com
382	Vũ Văn G	0917555932	Hà Nội	295000000	Delivered	2026-03-07 10:54:00+00	1	customer190@example.com
383	Nguyễn Văn A	0977181179	Đà Nẵng	300000000	Processing	2026-03-08 13:31:00+00	1	customer191@example.com
392	Lê Văn C	0999633817	Bình Dương	1700000000	Cancelled	2026-03-10 10:58:00+00	1	customer200@example.com
384	Đặng Thu F	0988377685	Huế	602500000	Cancelled	2026-03-08 19:15:00+00	1	customer192@example.com
385	Nguyễn Văn A	0989297150	Huế	363200000	Delivered	2026-03-08 17:25:00+00	1	customer193@example.com
401	Vũ Văn G	0932443555	Hải Phòng	37000000	Delivered	2026-03-12 18:12:00+00	1	customer209@example.com
386	Trần Thị B	0972437424	Đà Nẵng	368000000	Delivered	2026-03-08 15:58:00+00	1	customer194@example.com
393	Vũ Văn G	0920177536	Đà Nẵng	39000000	Shipped	2026-03-10 18:00:00+00	1	customer201@example.com
394	Nguyễn Thị I	0919197742	TP. HCM	33000000	Processing	2026-03-10 19:03:00+00	1	customer202@example.com
419	Bùi Thị H	0945645748	Bình Dương	1718000000	Delivered	2026-03-18 12:08:00+00	1	customer227@example.com
395	Bùi Thị H	0915876929	Đà Nẵng	299700000	Cancelled	2026-03-10 16:06:00+00	1	customer203@example.com
402	Phạm Minh D	0982930486	TP. HCM	11000000	Delivered	2026-03-13 11:03:00+00	1	customer210@example.com
396	Lê Văn C	0945940327	Cần Thơ	14400000	Cancelled	2026-03-11 19:39:00+00	1	customer204@example.com
397	Đặng Thu F	0955574408	Quảng Ninh	23500000	Delivered	2026-03-11 09:37:00+00	1	customer205@example.com
408	Trần Văn K	0997566978	TP. HCM	180000000	Processing	2026-03-15 10:12:00+00	1	customer216@example.com
398	Trần Thị B	0919853794	Cần Thơ	560000000	Shipped	2026-03-12 08:35:00+00	1	customer206@example.com
403	Vũ Văn G	0956050297	Đà Nẵng	2534500000	Delivered	2026-03-13 15:49:00+00	1	customer211@example.com
413	Phạm Minh D	0929374365	Đồng Nai	8000000	Delivered	2026-03-17 12:06:00+00	1	customer221@example.com
404	Trần Văn K	0968868944	Hà Nội	9000000	Delivered	2026-03-13 20:07:00+00	1	customer212@example.com
409	Nguyễn Văn A	0954125997	Đồng Nai	2500000	Delivered	2026-03-15 17:20:00+00	1	customer217@example.com
405	Lê Văn C	0993426260	Quảng Ninh	858000000	Processing	2026-03-13 12:07:00+00	1	customer213@example.com
406	Hoàng Anh E	0917223767	Cần Thơ	1150000000	Delivered	2026-03-14 15:17:00+00	1	customer214@example.com
416	Nguyễn Văn A	0969345821	TP. HCM	5400000	Delivered	2026-03-17 20:10:00+00	1	customer224@example.com
410	Bùi Thị H	0916534938	Huế	31500000	Shipped	2026-03-15 19:05:00+00	1	customer218@example.com
414	Bùi Thị H	0974672296	Đồng Nai	462000000	Cancelled	2026-03-17 12:27:00+00	1	customer222@example.com
411	Đặng Thu F	0973840174	Hải Phòng	5000000	Processing	2026-03-16 09:45:00+00	1	customer219@example.com
412	Phạm Minh D	0934092696	Bình Dương	185500000	Delivered	2026-03-16 09:22:00+00	1	customer220@example.com
415	Nguyễn Thị I	0999494069	Hải Phòng	353000000	Delivered	2026-03-17 08:57:00+00	1	customer223@example.com
418	Nguyễn Thị I	0963111877	Đồng Nai	60200000	Cancelled	2026-03-18 19:23:00+00	1	customer226@example.com
417	Trần Thị B	0973189204	Đồng Nai	1715000000	Delivered	2026-03-17 17:25:00+00	1	customer225@example.com
420	Nguyễn Văn A	0990514354	Huế	26500000	Cancelled	2026-03-19 11:32:00+00	1	customer228@example.com
421	Hoàng Anh E	0968942691	Hà Nội	1200000	Processing	2026-03-19 12:29:00+00	1	customer229@example.com
422	Vũ Văn G	0926696810	Huế	195000000	Delivered	2026-03-19 15:25:00+00	1	customer230@example.com
423	Hoàng Anh E	0953906676	Đồng Nai	302000000	Processing	2026-03-19 09:59:00+00	1	customer231@example.com
424	Hoàng Anh E	0951306566	Bình Dương	880000000	Delivered	2026-03-19 15:47:00+00	1	customer232@example.com
425	Lê Văn C	0983918389	Hà Nội	397000000	Processing	2026-03-20 20:28:00+00	1	customer233@example.com
426	Nguyễn Văn A	0989893832	Quảng Ninh	224000000	Delivered	2026-03-21 20:41:00+00	1	customer234@example.com
474	Hoàng Anh E	0944992721	Quảng Ninh	15000000	Delivered	2026-04-04 15:25:00+00	1	customer282@example.com
427	Vũ Văn G	0951099527	Quảng Ninh	3200000000	Delivered	2026-03-21 10:33:00+00	1	customer235@example.com
446	Phạm Minh D	0926762669	Hà Nội	740000000	Processing	2026-03-26 14:04:00+00	1	customer254@example.com
428	Nguyễn Thị I	0913724600	Đà Nẵng	168500000	Delivered	2026-03-21 14:02:00+00	1	customer236@example.com
429	Nguyễn Văn A	0954735279	Quảng Ninh	7500000	Shipped	2026-03-21 19:08:00+00	1	customer237@example.com
458	Phạm Minh D	0999148353	Huế	704500000	Processing	2026-03-29 10:19:00+00	1	customer266@example.com
430	Đặng Thu F	0952699699	TP. HCM	32000000	Delivered	2026-03-22 20:18:00+00	1	customer238@example.com
447	Nguyễn Thị I	0968743318	Đồng Nai	350000000	Delivered	2026-03-27 13:52:00+00	1	customer255@example.com
431	Trần Thị B	0910468797	Huế	2872000000	Delivered	2026-03-23 08:00:00+00	1	customer239@example.com
432	Nguyễn Văn A	0981788566	TP. HCM	5032500000	Shipped	2026-03-23 08:48:00+00	1	customer240@example.com
433	Nguyễn Văn A	0991703317	Quảng Ninh	5204000000	Shipped	2026-03-23 19:13:00+00	1	customer241@example.com
448	Nguyễn Văn A	0975628492	Huế	219500000	Delivered	2026-03-27 17:15:00+00	1	customer256@example.com
434	Lê Văn C	0951141350	TP. HCM	22500000	Delivered	2026-03-23 11:32:00+00	1	customer242@example.com
435	Trần Thị B	0929965263	Cần Thơ	1727000000	Cancelled	2026-03-23 18:49:00+00	1	customer243@example.com
466	Lê Văn C	0995818296	Đồng Nai	50000000	Delivered	2026-04-01 19:39:00+00	1	customer274@example.com
436	Nguyễn Văn A	0923438084	Bình Dương	300000000	Delivered	2026-03-24 16:36:00+00	1	customer244@example.com
449	Nguyễn Văn A	0972960342	Cần Thơ	1030000000	Cancelled	2026-03-27 19:30:00+00	1	customer257@example.com
437	Hoàng Anh E	0934095336	Hà Nội	2500000000	Shipped	2026-03-24 15:46:00+00	1	customer245@example.com
438	Phạm Minh D	0948485660	Quảng Ninh	17500000	Delivered	2026-03-24 19:24:00+00	1	customer246@example.com
459	Lê Văn C	0986170118	Đồng Nai	1720000000	Delivered	2026-03-30 12:02:00+00	1	customer267@example.com
439	Nguyễn Văn A	0923713516	Bình Dương	15000000	Delivered	2026-03-24 16:34:00+00	1	customer247@example.com
450	Vũ Văn G	0969727619	Hải Phòng	16000000	Shipped	2026-03-27 14:18:00+00	1	customer258@example.com
440	Đặng Thu F	0957884824	Hải Phòng	876000000	Delivered	2026-03-25 12:27:00+00	1	customer248@example.com
441	Phạm Minh D	0919760129	Đà Nẵng	639000000	Shipped	2026-03-25 16:19:00+00	1	customer249@example.com
442	Nguyễn Văn A	0973814988	Quảng Ninh	3000000	Delivered	2026-03-25 18:59:00+00	1	customer250@example.com
451	Trần Thị B	0968144878	Hải Phòng	22000000	Delivered	2026-03-27 18:46:00+00	1	customer259@example.com
443	Phạm Minh D	0931279296	Quảng Ninh	360000000	Delivered	2026-03-25 12:43:00+00	1	customer251@example.com
444	Nguyễn Văn A	0954654593	Đồng Nai	1160000000	Shipped	2026-03-26 13:30:00+00	1	customer252@example.com
445	Phạm Minh D	0969846240	Bình Dương	401500000	Shipped	2026-03-26 20:17:00+00	1	customer253@example.com
452	Trần Văn K	0930524999	Bình Dương	630000000	Shipped	2026-03-28 12:15:00+00	1	customer260@example.com
460	Nguyễn Thị I	0965656368	Đà Nẵng	1700000000	Delivered	2026-03-30 14:24:00+00	1	customer268@example.com
453	Đặng Thu F	0976083158	Bình Dương	324000000	Processing	2026-03-28 08:39:00+00	1	customer261@example.com
454	Hoàng Anh E	0940897429	Huế	196500000	Shipped	2026-03-28 14:08:00+00	1	customer262@example.com
471	Nguyễn Văn A	0973850091	Bình Dương	31000000	Delivered	2026-04-03 15:10:00+00	1	customer279@example.com
455	Nguyễn Thị I	0958344380	Quảng Ninh	1701200000	Shipped	2026-03-28 13:48:00+00	1	customer263@example.com
461	Trần Văn K	0954666505	Huế	232000000	Processing	2026-03-30 11:13:00+00	1	customer269@example.com
456	Nguyễn Văn A	0922065695	TP. HCM	35000000	Processing	2026-03-28 14:42:00+00	1	customer264@example.com
457	Bùi Thị H	0960217427	Đà Nẵng	180500000	Delivered	2026-03-29 11:34:00+00	1	customer265@example.com
467	Lê Văn C	0953813064	Quảng Ninh	9000000	Delivered	2026-04-02 19:44:00+00	1	customer275@example.com
462	Hoàng Anh E	0959114173	Bình Dương	5000000	Delivered	2026-03-31 17:34:00+00	1	customer270@example.com
463	Vũ Văn G	0962627420	Cần Thơ	12000000	Processing	2026-03-31 12:05:00+00	1	customer271@example.com
464	Phạm Minh D	0980694743	TP. HCM	10000000	Delivered	2026-04-01 18:10:00+00	1	customer272@example.com
468	Trần Thị B	0928330312	Huế	15000000	Delivered	2026-04-02 14:07:00+00	1	customer276@example.com
465	Nguyễn Thị I	0927185365	Quảng Ninh	168000000	Cancelled	2026-04-01 13:21:00+00	1	customer273@example.com
469	Nguyễn Thị I	0910934080	Đồng Nai	1739400000	Cancelled	2026-04-02 19:59:00+00	1	customer277@example.com
472	Vũ Văn G	0952396487	Quảng Ninh	737500000	Delivered	2026-04-04 17:05:00+00	1	customer280@example.com
470	Bùi Thị H	0999545449	Đà Nẵng	2862000000	Cancelled	2026-04-03 08:35:00+00	1	customer278@example.com
478	Đặng Thu F	0946139504	Huế	3000000	Processing	2026-04-06 11:08:00+00	1	customer286@example.com
473	Trần Văn K	0944253984	Huế	5000000000	Processing	2026-04-04 14:56:00+00	1	customer281@example.com
477	Vũ Văn G	0950394038	Huế	997500000	Cancelled	2026-04-06 10:38:00+00	1	customer285@example.com
475	Vũ Văn G	0936106911	Hà Nội	630500000	Shipped	2026-04-05 14:54:00+00	1	customer283@example.com
476	Nguyễn Thị I	0923051871	Đồng Nai	1000000	Cancelled	2026-04-05 10:27:00+00	1	customer284@example.com
479	Vũ Văn G	0916884224	Hải Phòng	560000000	Processing	2026-04-06 17:23:00+00	1	customer287@example.com
480	Trần Thị B	0954366395	Huế	3000000	Delivered	2026-04-06 20:00:00+00	1	customer288@example.com
481	Nguyễn Văn A	0969182307	Hải Phòng	23000000	Processing	2026-04-06 15:00:00+00	1	customer289@example.com
482	Đặng Thu F	0997271796	Bình Dương	300000000	Delivered	2026-04-07 15:24:00+00	1	customer290@example.com
483	Nguyễn Thị I	0924360891	Đồng Nai	32000000	Delivered	2026-04-07 15:39:00+00	1	customer291@example.com
484	Lê Văn C	0976934920	Hà Nội	141000000	Cancelled	2026-04-07 08:11:00+00	1	customer292@example.com
485	Hoàng Anh E	0918655350	Bình Dương	20500000	Processing	2026-04-08 16:13:00+00	1	customer293@example.com
517	Trần Văn K	0955522985	Hà Nội	5280000000	Processing	2026-04-18 18:47:00+00	1	customer325@example.com
486	Đặng Thu F	0968341940	Đồng Nai	5500000	Delivered	2026-04-08 08:51:00+00	1	customer294@example.com
505	Trần Văn K	0970104142	Huế	27200000	Delivered	2026-04-12 11:22:00+00	1	customer313@example.com
487	Vũ Văn G	0965107791	Huế	5000000	Processing	2026-04-08 08:22:00+00	1	customer295@example.com
488	Nguyễn Thị I	0938321471	Đà Nẵng	1000000	Cancelled	2026-04-08 16:40:00+00	1	customer296@example.com
489	Phạm Minh D	0928049326	Đồng Nai	280000000	Delivered	2026-04-09 11:00:00+00	1	customer297@example.com
506	Bùi Thị H	0930811871	Đồng Nai	290000000	Delivered	2026-04-13 20:53:00+00	1	customer314@example.com
490	Đặng Thu F	0929023922	Cần Thơ	5165000000	Delivered	2026-04-09 15:29:00+00	1	customer298@example.com
491	Vũ Văn G	0983954687	Hà Nội	18500000	Delivered	2026-04-09 20:28:00+00	1	customer299@example.com
525	Hoàng Anh E	0927303173	Đà Nẵng	7500000	Shipped	2026-04-20 10:08:00+00	1	customer333@example.com
492	Nguyễn Văn A	0961013878	Huế	7500000	Processing	2026-04-09 12:35:00+00	1	customer300@example.com
507	Hoàng Anh E	0980894188	Quảng Ninh	304000000	Delivered	2026-04-14 12:57:00+00	1	customer315@example.com
493	Lê Văn C	0927897976	Hà Nội	280000000	Shipped	2026-04-09 09:34:00+00	1	customer301@example.com
494	Nguyễn Văn A	0945769964	Hà Nội	565000000	Shipped	2026-04-10 12:11:00+00	1	customer302@example.com
518	Phạm Minh D	0946011118	Đà Nẵng	162000000	Delivered	2026-04-18 09:59:00+00	1	customer326@example.com
495	Vũ Văn G	0990882149	Hà Nội	571500000	Delivered	2026-04-10 15:51:00+00	1	customer303@example.com
508	Phạm Minh D	0918791811	Đà Nẵng	12000000	Delivered	2026-04-14 19:38:00+00	1	customer316@example.com
496	Nguyễn Văn A	0984316338	Cần Thơ	46000000	Cancelled	2026-04-10 09:51:00+00	1	customer304@example.com
497	Lê Văn C	0922285884	Hà Nội	213500000	Processing	2026-04-10 19:38:00+00	1	customer305@example.com
498	Đặng Thu F	0918722291	TP. HCM	850000000	Cancelled	2026-04-11 16:21:00+00	1	customer306@example.com
509	Bùi Thị H	0966530323	Hà Nội	3000000	Delivered	2026-04-14 16:29:00+00	1	customer317@example.com
499	Trần Văn K	0944593744	Huế	4380000000	Processing	2026-04-11 09:27:00+00	1	customer307@example.com
500	Nguyễn Thị I	0959134093	Huế	731000000	Delivered	2026-04-11 08:38:00+00	1	customer308@example.com
501	Lê Văn C	0988564518	Quảng Ninh	16000000	Cancelled	2026-04-11 14:10:00+00	1	customer309@example.com
510	Vũ Văn G	0974740352	Cần Thơ	1000000	Cancelled	2026-04-14 11:46:00+00	1	customer318@example.com
502	Vũ Văn G	0969948910	Hà Nội	850000000	Shipped	2026-04-12 17:41:00+00	1	customer310@example.com
503	Phạm Minh D	0935750079	Huế	22200000	Delivered	2026-04-12 10:08:00+00	1	customer311@example.com
519	Trần Thị B	0963344236	Cần Thơ	752000000	Shipped	2026-04-18 08:32:00+00	1	customer327@example.com
504	Phạm Minh D	0949293520	TP. HCM	730000000	Delivered	2026-04-12 13:46:00+00	1	customer312@example.com
511	Hoàng Anh E	0959462380	Đà Nẵng	5020900000	Delivered	2026-04-14 13:30:00+00	1	customer319@example.com
512	Bùi Thị H	0911263726	TP. HCM	2875000000	Delivered	2026-04-15 16:17:00+00	1	customer320@example.com
534	Nguyễn Thị I	0988294540	TP. HCM	17000000	Cancelled	2026-04-23 19:10:00+00	1	customer342@example.com
513	Lê Văn C	0982925306	Đà Nẵng	675000000	Delivered	2026-04-16 10:15:00+00	1	customer321@example.com
520	Vũ Văn G	0982622097	TP. HCM	280000000	Cancelled	2026-04-19 13:36:00+00	1	customer328@example.com
514	Trần Văn K	0984512832	Cần Thơ	7500000	Processing	2026-04-17 09:35:00+00	1	customer322@example.com
515	Nguyễn Thị I	0956624215	Hải Phòng	59000000	Cancelled	2026-04-17 09:40:00+00	1	customer323@example.com
526	Trần Văn K	0957518384	Đà Nẵng	705500000	Cancelled	2026-04-20 16:27:00+00	1	customer334@example.com
516	Lê Văn C	0925052358	Đà Nẵng	410500000	Processing	2026-04-18 10:35:00+00	1	customer324@example.com
521	Đặng Thu F	0992751253	Hải Phòng	1200000	Shipped	2026-04-19 19:29:00+00	1	customer329@example.com
531	Hoàng Anh E	0962655876	TP. HCM	387500000	Delivered	2026-04-21 18:19:00+00	1	customer339@example.com
522	Trần Thị B	0929605043	Hải Phòng	3000000	Cancelled	2026-04-19 09:55:00+00	1	customer330@example.com
527	Nguyễn Văn A	0967365118	Hải Phòng	480000000	Cancelled	2026-04-20 16:17:00+00	1	customer335@example.com
523	Lê Văn C	0935388353	TP. HCM	280000000	Delivered	2026-04-19 13:12:00+00	1	customer331@example.com
524	Lê Văn C	0983133253	Đà Nẵng	15000000	Delivered	2026-04-19 15:51:00+00	1	customer332@example.com
528	Lê Văn C	0936790877	Huế	860000000	Delivered	2026-04-20 19:48:00+00	1	customer336@example.com
532	Lê Văn C	0988782860	Bình Dương	21000000	Processing	2026-04-22 08:58:00+00	1	customer340@example.com
529	Trần Văn K	0914947588	Đồng Nai	1000000	Cancelled	2026-04-21 10:06:00+00	1	customer337@example.com
530	Hoàng Anh E	0960349095	Hải Phòng	150000000	Cancelled	2026-04-21 10:15:00+00	1	customer338@example.com
536	Hoàng Anh E	0995373579	Hải Phòng	700000000	Processing	2026-04-25 10:36:00+00	1	customer344@example.com
533	Phạm Minh D	0986954781	Đà Nẵng	32000000	Shipped	2026-04-23 16:17:00+00	1	customer341@example.com
535	Trần Văn K	0951112444	Đà Nẵng	737000000	Processing	2026-04-24 18:09:00+00	1	customer343@example.com
538	Nguyễn Văn A	0970101735	Cần Thơ	25000000	Delivered	2026-04-25 16:37:00+00	1	customer346@example.com
537	Trần Thị B	0989820454	Hải Phòng	280500000	Processing	2026-04-25 15:50:00+00	1	customer345@example.com
539	Nguyễn Văn A	0950258348	Hà Nội	23500000	Delivered	2026-04-25 17:06:00+00	1	customer347@example.com
540	Đặng Thu F	0954996834	Huế	198500000	Delivered	2026-04-26 10:04:00+00	1	customer348@example.com
541	Nguyễn Văn A	0930476751	Bình Dương	599500000	Delivered	2026-04-26 14:12:00+00	1	customer349@example.com
542	Lê Văn C	0937041958	TP. HCM	28000000	Cancelled	2026-04-26 09:21:00+00	1	customer350@example.com
543	Lê Văn C	0956763898	Hải Phòng	850000000	Delivered	2026-04-27 19:05:00+00	1	customer351@example.com
544	Đặng Thu F	0994422160	Đà Nẵng	352500000	Delivered	2026-04-28 14:18:00+00	1	customer352@example.com
576	Vũ Văn G	0989469529	Huế	24000000	Cancelled	2026-05-07 12:18:00+00	1	customer384@example.com
545	Hoàng Anh E	0939602754	Bình Dương	500000	Delivered	2026-04-29 18:38:00+00	1	customer353@example.com
564	Đặng Thu F	0933837993	Huế	3000000	Processing	2026-05-04 16:50:00+00	1	customer372@example.com
546	Đặng Thu F	0917117308	Quảng Ninh	5287500000	Processing	2026-04-29 08:20:00+00	1	customer354@example.com
547	Trần Văn K	0965258897	Cần Thơ	1284000000	Shipped	2026-04-29 11:22:00+00	1	customer355@example.com
548	Bùi Thị H	0978512344	Bình Dương	368500000	Cancelled	2026-04-29 08:17:00+00	1	customer356@example.com
565	Vũ Văn G	0975363111	Hải Phòng	708000000	Shipped	2026-05-05 11:30:00+00	1	customer373@example.com
549	Đặng Thu F	0923727611	Bình Dương	2518500000	Shipped	2026-04-30 12:00:00+00	1	customer357@example.com
550	Vũ Văn G	0951635232	TP. HCM	18500000	Delivered	2026-04-30 19:27:00+00	1	customer358@example.com
584	Nguyễn Văn A	0925313924	Hải Phòng	19500000	Processing	2026-05-10 10:17:00+00	1	customer392@example.com
551	Hoàng Anh E	0943667108	Đà Nẵng	462500000	Shipped	2026-04-30 14:08:00+00	1	customer359@example.com
566	Bùi Thị H	0925310631	Bình Dương	880500000	Delivered	2026-05-05 12:50:00+00	1	customer374@example.com
552	Trần Thị B	0999454838	Đồng Nai	850000000	Cancelled	2026-04-30 09:24:00+00	1	customer360@example.com
553	Bùi Thị H	0970507811	TP. HCM	1737000000	Delivered	2026-05-01 09:03:00+00	1	customer361@example.com
577	Đặng Thu F	0992456895	Đồng Nai	55500000	Delivered	2026-05-07 10:35:00+00	1	customer385@example.com
554	Trần Thị B	0973874317	Huế	51400000	Delivered	2026-05-01 17:17:00+00	1	customer362@example.com
567	Đặng Thu F	0955054144	Hà Nội	44500000	Cancelled	2026-05-05 20:57:00+00	1	customer375@example.com
555	Nguyễn Thị I	0985363957	Hà Nội	38500000	Delivered	2026-05-01 17:37:00+00	1	customer363@example.com
556	Trần Thị B	0926310345	Quảng Ninh	5500000000	Delivered	2026-05-01 09:29:00+00	1	customer364@example.com
557	Vũ Văn G	0926166915	Bình Dương	53000000	Processing	2026-05-01 11:40:00+00	1	customer365@example.com
568	Trần Thị B	0933148454	Huế	1720000000	Cancelled	2026-05-05 20:34:00+00	1	customer376@example.com
558	Nguyễn Văn A	0921377444	Hà Nội	325200000	Delivered	2026-05-02 17:50:00+00	1	customer366@example.com
559	Lê Văn C	0913123624	Bình Dương	10000000	Delivered	2026-05-02 20:42:00+00	1	customer367@example.com
560	Trần Thị B	0936769270	Bình Dương	40700000	Delivered	2026-05-02 16:08:00+00	1	customer368@example.com
569	Trần Thị B	0939040051	Huế	311000000	Delivered	2026-05-05 17:27:00+00	1	customer377@example.com
561	Vũ Văn G	0996264316	Đà Nẵng	850000000	Shipped	2026-05-03 19:39:00+00	1	customer369@example.com
562	Đặng Thu F	0975328853	Cần Thơ	2500000	Processing	2026-05-03 11:05:00+00	1	customer370@example.com
578	Lê Văn C	0935220506	Hải Phòng	289900000	Delivered	2026-05-07 10:58:00+00	1	customer386@example.com
563	Đặng Thu F	0986108009	Đà Nẵng	20500000	Delivered	2026-05-03 20:43:00+00	1	customer371@example.com
570	Phạm Minh D	0933585322	Bình Dương	37000000	Cancelled	2026-05-06 20:59:00+00	1	customer378@example.com
571	Trần Thị B	0914656205	Đà Nẵng	2500000000	Delivered	2026-05-06 13:34:00+00	1	customer379@example.com
572	Trần Thị B	0971340189	Huế	322000000	Delivered	2026-05-06 11:29:00+00	1	customer380@example.com
579	Đặng Thu F	0943277354	Hải Phòng	411000000	Cancelled	2026-05-07 17:44:00+00	1	customer387@example.com
573	Phạm Minh D	0920986920	Quảng Ninh	140000000	Delivered	2026-05-06 17:58:00+00	1	customer381@example.com
574	Trần Thị B	0924501528	Đồng Nai	49500000	Delivered	2026-05-06 13:02:00+00	1	customer382@example.com
585	Lê Văn C	0935647041	Quảng Ninh	32000000	Shipped	2026-05-10 13:40:00+00	1	customer393@example.com
575	Bùi Thị H	0912178005	Hải Phòng	569000000	Cancelled	2026-05-07 19:32:00+00	1	customer383@example.com
580	Nguyễn Văn A	0952967298	Đà Nẵng	145000000	Delivered	2026-05-08 13:44:00+00	1	customer388@example.com
581	Lê Văn C	0942469137	Quảng Ninh	419000000	Delivered	2026-05-09 14:44:00+00	1	customer389@example.com
586	Trần Văn K	0921861990	Đà Nẵng	211000000	Processing	2026-05-10 15:33:00+00	1	customer394@example.com
582	Hoàng Anh E	0991065138	Đồng Nai	32000000	Delivered	2026-05-09 14:35:00+00	1	customer390@example.com
583	Đặng Thu F	0937877575	Hà Nội	617000000	Delivered	2026-05-10 10:10:00+00	1	customer391@example.com
\.


--
-- Data for Name: store_orderitem; Type: TABLE DATA; Schema: public; Owner: admin
--

COPY public.store_orderitem (id, price, quantity, order_id, product_id) FROM stdin;
373	2500000000	1	192	1
374	1500000	2	192	2
375	16000000	2	192	17
376	500000	1	193	3
377	4500000	2	193	14
378	12000000	2	193	11
379	150000000	2	194	9
380	22000000	1	194	18
381	850000000	1	195	5
382	500000	2	195	3
383	15000000	2	195	21
384	180000000	1	196	7
385	280000000	1	196	6
386	2500000000	1	197	1
387	2500000	2	197	13
388	15000000	2	197	21
389	4500000	2	198	14
390	1200000	2	198	15
391	150000000	2	199	9
392	180000000	2	199	7
393	4500000	1	199	14
394	500000	2	200	3
395	7500000	1	201	12
396	150000000	1	202	9
397	1200000	1	202	15
398	500000	2	202	3
399	18500000	2	203	16
400	850000000	2	203	5
401	22000000	2	204	18
402	12000000	1	205	11
403	140000000	1	206	8
404	1200000	2	206	15
405	7500000	2	206	12
406	7500000	2	207	20
407	7500000	1	208	20
408	850000000	2	209	5
409	140000000	2	209	8
410	140000000	1	210	8
411	7500000	1	210	12
412	15000000	2	211	21
413	1500000	1	211	2
414	150000000	1	212	9
415	180000000	1	213	7
416	4500000	2	213	14
417	22000000	1	214	18
418	7500000	1	214	20
419	5500000	2	214	19
420	350000000	1	215	4
421	18500000	2	215	16
422	12000000	1	216	11
423	2500000000	1	216	1
424	15000000	1	216	21
425	7500000	2	217	20
426	850000000	2	218	5
427	4500000	1	218	14
428	18500000	1	219	16
429	850000000	1	219	5
430	5500000	1	219	19
431	280000000	2	220	6
432	1200000	2	221	15
433	350000000	2	222	4
434	280000000	2	223	6
435	12000000	2	223	11
436	2500000	2	223	13
437	500000	1	224	3
438	280000000	2	224	6
439	15000000	2	225	21
440	5500000	2	225	19
441	1200000	1	225	15
442	2500000	2	226	13
443	4500000	2	227	14
444	18500000	1	228	16
445	2500000	2	229	13
446	4500000	1	229	14
447	18500000	1	230	10
448	7500000	2	230	20
449	16000000	2	230	17
450	280000000	2	231	6
451	140000000	2	231	8
452	16000000	2	231	17
453	150000000	1	232	9
454	2500000	1	233	13
455	7500000	1	233	12
456	22000000	1	234	18
457	18500000	2	234	10
458	150000000	1	234	9
459	180000000	1	235	7
460	180000000	1	236	7
461	18500000	1	236	10
462	2500000000	1	237	1
463	7500000	1	237	20
464	140000000	2	238	8
465	850000000	2	238	5
466	22000000	2	239	18
467	1500000	1	240	2
468	140000000	1	241	8
469	7500000	1	242	12
470	350000000	2	242	4
471	22000000	2	242	18
472	16000000	2	243	17
473	180000000	2	244	7
474	7500000	2	244	12
475	280000000	1	244	6
476	15000000	1	245	21
477	280000000	1	245	6
478	5500000	1	246	19
479	500000	1	246	3
480	1200000	1	246	15
481	1500000	2	247	2
482	7500000	1	247	12
483	2500000000	1	248	1
484	1200000	1	249	15
485	12000000	2	250	11
486	1200000	2	250	15
487	2500000000	2	251	1
488	18500000	1	251	10
489	2500000000	2	252	1
490	7500000	2	252	20
491	18500000	2	252	16
492	1500000	2	253	2
493	22000000	1	253	18
494	16000000	1	254	17
495	18500000	1	254	10
496	5500000	1	255	19
497	18500000	1	255	16
498	18500000	1	256	10
499	2500000	1	256	13
500	7500000	2	256	20
501	5500000	1	257	19
502	12000000	1	258	11
503	140000000	1	258	8
504	12000000	2	259	11
505	4500000	1	259	14
506	140000000	1	259	8
507	16000000	1	260	17
508	12000000	2	260	11
509	7500000	2	261	20
510	1200000	1	261	15
511	18500000	2	262	10
512	12000000	1	262	11
513	4500000	1	263	14
514	2500000000	2	263	1
515	150000000	2	264	9
516	140000000	2	265	8
517	150000000	1	265	9
518	2500000	1	266	13
519	1500000	2	266	2
520	7500000	1	266	20
521	4500000	1	267	14
522	150000000	1	267	9
523	7500000	2	267	12
524	7500000	2	268	12
525	850000000	2	268	5
526	180000000	2	268	7
527	2500000	1	269	13
528	350000000	1	269	4
529	150000000	2	269	9
530	850000000	2	270	5
531	2500000000	1	270	1
532	350000000	2	271	4
533	7500000	2	271	20
534	1200000	1	271	15
535	18500000	1	272	16
536	4500000	2	273	14
537	350000000	1	273	4
538	140000000	1	274	8
539	16000000	1	274	17
540	850000000	1	274	5
541	15000000	2	275	21
542	500000	2	276	3
543	350000000	2	276	4
544	7500000	2	277	20
545	280000000	2	277	6
546	7500000	1	277	12
547	18500000	2	278	10
548	4500000	1	278	14
549	350000000	2	278	4
550	2500000	2	279	13
551	18500000	2	280	10
552	350000000	2	280	4
553	7500000	2	281	20
554	1500000	2	281	2
555	12000000	1	281	11
556	4500000	2	282	14
557	18500000	2	282	16
558	2500000000	1	282	1
559	2500000	1	283	13
560	280000000	2	283	6
561	18500000	2	283	10
562	140000000	1	284	8
563	5500000	1	284	19
564	2500000000	2	284	1
565	18500000	1	285	10
566	1200000	1	285	15
567	180000000	1	286	7
568	850000000	1	286	5
569	12000000	1	286	11
570	1200000	1	287	15
571	4500000	2	287	14
572	7500000	2	288	20
573	500000	1	288	3
574	5500000	2	289	19
575	140000000	1	290	8
576	5500000	1	291	19
577	18500000	1	291	10
578	1500000	2	292	2
579	1500000	1	293	2
580	18500000	1	293	10
581	12000000	2	294	11
582	2500000000	1	294	1
583	1200000	1	294	15
584	850000000	2	295	5
585	22000000	1	296	18
586	16000000	2	296	17
587	280000000	2	297	6
588	500000	2	298	3
589	16000000	2	298	17
590	5500000	2	298	19
591	12000000	2	299	11
592	16000000	1	299	17
593	15000000	2	299	21
594	180000000	1	300	7
595	1200000	2	301	15
596	5500000	2	302	19
597	150000000	2	302	9
598	280000000	1	302	6
599	18500000	2	303	10
600	140000000	2	304	8
601	180000000	2	305	7
602	16000000	2	306	17
603	150000000	1	306	9
604	140000000	2	307	8
605	280000000	1	307	6
606	4500000	1	308	14
607	2500000	2	308	13
608	22000000	1	308	18
609	18500000	2	309	16
610	2500000000	2	309	1
611	180000000	1	309	7
612	140000000	2	310	8
613	350000000	2	311	4
614	7500000	1	312	12
615	350000000	2	312	4
616	850000000	1	312	5
617	850000000	1	313	5
618	4500000	1	314	14
619	2500000000	2	314	1
620	2500000	1	315	13
621	280000000	2	316	6
622	7500000	1	316	20
623	850000000	1	316	5
624	280000000	1	317	6
625	850000000	1	317	5
626	4500000	2	318	14
627	1500000	1	318	2
628	850000000	1	319	5
629	500000	2	320	3
630	280000000	1	321	6
631	7500000	2	321	20
632	7500000	2	322	12
633	5500000	1	322	19
634	850000000	2	322	5
635	15000000	2	323	21
636	140000000	1	323	8
637	850000000	1	324	5
638	150000000	2	325	9
639	7500000	1	325	12
640	1500000	2	326	2
641	16000000	2	326	17
642	2500000	2	327	13
643	180000000	1	327	7
644	5500000	1	327	19
645	280000000	1	328	6
646	7500000	1	328	20
647	1200000	1	328	15
648	140000000	1	329	8
649	4500000	2	329	14
650	180000000	2	330	7
651	16000000	1	330	17
652	22000000	1	330	18
653	12000000	1	331	11
654	18500000	1	331	10
655	2500000	2	331	13
656	2500000000	1	332	1
657	1500000	2	333	2
658	350000000	1	334	4
659	4500000	2	335	14
660	350000000	1	335	4
661	280000000	1	335	6
662	500000	2	336	3
663	5500000	2	337	19
664	7500000	2	337	12
665	140000000	2	337	8
666	2500000	2	338	13
667	22000000	1	338	18
668	7500000	1	339	12
669	18500000	2	339	16
670	4500000	2	340	14
671	7500000	2	341	20
672	22000000	2	341	18
673	2500000000	2	342	1
674	22000000	1	342	18
675	150000000	2	343	9
676	7500000	2	343	12
677	180000000	2	344	7
678	7500000	2	344	12
679	18500000	2	345	16
680	280000000	2	345	6
681	350000000	2	345	4
682	150000000	1	346	9
683	2500000	1	347	13
684	4500000	1	347	14
685	18500000	2	347	16
686	180000000	1	348	7
687	150000000	1	348	9
688	4500000	2	349	14
689	1200000	2	349	15
690	18500000	2	350	10
691	500000	1	350	3
692	2500000000	1	350	1
693	18500000	1	351	16
694	150000000	2	351	9
695	22000000	1	351	18
696	2500000000	2	352	1
697	22000000	1	352	18
698	4500000	2	352	14
699	22000000	2	353	18
700	15000000	1	354	21
701	7500000	1	355	12
702	180000000	1	355	7
703	18500000	2	356	16
704	16000000	1	357	17
705	500000	1	358	3
706	850000000	1	358	5
707	150000000	1	358	9
708	180000000	1	359	7
709	22000000	1	359	18
710	5500000	1	359	19
711	150000000	1	360	9
712	180000000	2	360	7
713	5500000	1	360	19
714	1200000	2	361	15
715	280000000	2	361	6
716	1500000	1	362	2
717	4500000	2	362	14
718	1200000	2	362	15
719	18500000	2	363	16
720	1200000	1	363	15
721	1500000	1	363	2
722	180000000	2	364	7
723	22000000	1	365	18
724	180000000	1	365	7
725	4500000	2	365	14
726	850000000	2	366	5
727	850000000	1	367	5
728	18500000	2	367	16
729	2500000000	2	367	1
730	150000000	2	368	9
731	180000000	2	368	7
732	2500000000	1	369	1
733	12000000	1	369	11
734	5500000	1	369	19
735	22000000	2	370	18
736	150000000	2	370	9
737	12000000	2	371	11
738	850000000	2	371	5
739	16000000	2	371	17
740	2500000	2	372	13
741	16000000	2	372	17
742	5500000	2	372	19
743	280000000	2	373	6
744	1500000	1	374	2
745	18500000	2	375	16
746	18500000	1	376	10
747	2500000	2	376	13
748	5500000	2	376	19
749	4500000	1	377	14
750	15000000	2	378	21
751	5500000	2	378	19
752	280000000	2	378	6
753	22000000	1	379	18
754	7500000	1	379	12
755	180000000	2	380	7
756	2500000000	2	380	1
757	16000000	2	381	17
758	4500000	1	381	14
759	15000000	1	382	21
760	280000000	1	382	6
761	150000000	2	383	9
762	18500000	2	384	10
763	280000000	2	384	6
764	5500000	1	384	19
765	350000000	1	385	4
766	12000000	1	385	11
767	1200000	1	385	15
768	180000000	2	386	7
769	5500000	1	386	19
770	2500000	1	386	13
771	850000000	2	387	5
772	22000000	1	387	18
773	18500000	1	388	16
774	140000000	2	388	8
775	140000000	2	389	8
776	5500000	1	389	19
777	18500000	2	389	16
778	16000000	1	390	17
779	7500000	1	390	20
780	18500000	1	390	10
781	18500000	2	391	10
782	150000000	1	391	9
783	1200000	1	391	15
784	850000000	2	392	5
785	12000000	2	393	11
786	15000000	1	393	21
787	15000000	2	394	21
788	1500000	2	394	2
789	18500000	1	395	16
790	140000000	2	395	8
791	1200000	1	395	15
792	12000000	1	396	11
793	1200000	2	396	15
794	2500000	2	397	13
795	18500000	1	397	10
796	280000000	2	398	6
797	7500000	2	399	20
798	18500000	2	399	16
799	18500000	2	399	10
800	7500000	1	400	20
801	12000000	2	400	11
802	18500000	1	401	10
803	16000000	1	401	17
804	2500000	1	401	13
805	5500000	2	402	19
806	18500000	1	403	16
807	16000000	1	403	17
808	2500000000	1	403	1
809	4500000	2	404	14
810	850000000	1	405	5
811	5500000	1	405	19
812	2500000	1	405	13
813	850000000	1	406	5
814	150000000	2	406	9
815	22000000	2	407	18
816	180000000	1	407	7
817	180000000	1	408	7
818	2500000	1	409	13
819	7500000	1	410	12
820	12000000	2	410	11
821	2500000	2	411	13
822	180000000	1	412	7
823	5500000	1	412	19
824	7500000	1	413	12
825	500000	1	413	3
826	140000000	1	414	8
827	150000000	2	414	9
828	22000000	1	414	18
829	1500000	2	415	2
830	350000000	1	415	4
831	1500000	2	416	2
832	1200000	2	416	15
833	850000000	2	417	5
834	7500000	2	417	20
835	22000000	2	418	18
836	7500000	2	418	12
837	1200000	1	418	15
838	7500000	2	419	20
839	1500000	2	419	2
840	850000000	2	419	5
841	18500000	1	420	16
842	7500000	1	420	20
843	500000	1	420	3
844	1200000	1	421	15
845	7500000	2	422	12
846	180000000	1	422	7
847	280000000	1	423	6
848	22000000	1	423	18
849	7500000	2	424	12
850	15000000	1	424	21
851	850000000	1	424	5
852	18500000	2	425	10
853	180000000	2	425	7
854	22000000	2	426	18
855	180000000	1	426	7
856	2500000000	1	427	1
857	350000000	2	427	4
858	18500000	1	428	16
859	150000000	1	428	9
860	7500000	1	429	20
861	16000000	2	430	17
862	2500000000	1	431	1
863	350000000	1	431	4
864	22000000	1	431	18
865	2500000	1	432	13
866	2500000000	2	432	1
867	15000000	2	432	21
868	12000000	2	433	11
869	2500000000	2	433	1
870	180000000	1	433	7
871	7500000	1	434	12
872	7500000	2	434	20
873	850000000	2	435	5
874	1500000	2	435	2
875	12000000	2	435	11
876	150000000	2	436	9
877	2500000000	1	437	1
878	1500000	1	438	2
879	500000	2	438	3
880	15000000	1	438	21
881	7500000	2	439	20
882	18500000	1	440	16
883	7500000	1	440	12
884	850000000	1	440	5
885	280000000	1	441	6
886	4500000	2	441	14
887	350000000	1	441	4
888	1500000	2	442	2
889	180000000	2	443	7
890	350000000	2	444	4
891	180000000	1	444	7
892	280000000	1	444	6
893	7500000	1	445	20
894	350000000	1	445	4
895	22000000	2	445	18
896	280000000	2	446	6
897	180000000	1	446	7
898	350000000	1	447	4
899	16000000	2	448	17
900	7500000	1	448	12
901	180000000	1	448	7
902	150000000	1	449	9
903	350000000	2	449	4
904	180000000	1	449	7
905	16000000	1	450	17
906	22000000	1	451	18
907	350000000	1	452	4
908	140000000	2	452	8
909	150000000	2	453	9
910	12000000	2	453	11
911	7500000	2	454	20
912	1500000	1	454	2
913	180000000	1	454	7
914	850000000	2	455	5
915	1200000	1	455	15
916	2500000	2	456	13
917	15000000	2	456	21
918	150000000	1	457	9
919	18500000	1	457	10
920	12000000	1	457	11
921	4500000	1	458	14
922	350000000	2	458	4
923	4500000	2	459	14
924	5500000	2	459	19
925	850000000	2	459	5
926	850000000	2	460	5
927	18500000	2	461	16
928	180000000	1	461	7
929	15000000	1	461	21
930	2500000	2	462	13
931	4500000	1	463	14
932	7500000	1	463	12
933	2500000	1	464	13
934	7500000	1	464	12
935	7500000	2	465	20
936	150000000	1	465	9
937	1500000	2	465	2
938	15000000	2	466	21
939	7500000	2	466	12
940	2500000	2	466	13
941	4500000	2	467	14
942	7500000	2	468	20
943	18500000	2	469	16
944	1200000	2	469	15
945	850000000	2	469	5
946	2500000000	1	470	1
947	12000000	1	470	11
948	350000000	1	470	4
949	7500000	2	471	20
950	16000000	1	471	17
951	350000000	2	472	4
952	7500000	1	472	12
953	15000000	2	472	21
954	2500000000	2	473	1
955	15000000	1	474	21
956	140000000	2	475	8
957	350000000	1	475	4
958	500000	1	475	3
959	500000	2	476	3
960	140000000	1	477	8
961	7500000	1	477	12
962	850000000	1	477	5
963	1500000	2	478	2
964	280000000	2	479	6
965	1500000	2	480	2
966	4500000	1	481	14
967	18500000	1	481	16
968	150000000	2	482	9
969	12000000	1	483	11
970	5500000	2	483	19
971	4500000	2	483	14
972	140000000	1	484	8
973	500000	2	484	3
974	7500000	1	485	20
975	7500000	1	485	12
976	5500000	1	485	19
977	5500000	1	486	19
978	2500000	2	487	13
979	500000	2	488	3
980	140000000	2	489	8
981	150000000	1	490	9
982	2500000000	2	490	1
983	7500000	2	490	12
984	18500000	1	491	16
985	7500000	1	492	20
986	280000000	1	493	6
987	2500000	2	494	13
988	280000000	2	494	6
989	2500000	1	495	13
990	280000000	2	495	6
991	4500000	2	495	14
992	22000000	1	496	18
993	12000000	2	496	11
994	18500000	1	497	16
995	15000000	1	497	21
996	180000000	1	497	7
997	850000000	1	498	5
998	180000000	1	499	7
999	2500000000	1	499	1
1000	850000000	2	499	5
1001	350000000	2	500	4
1002	15000000	2	500	21
1003	500000	2	500	3
1004	500000	2	501	3
1005	7500000	2	501	20
1006	850000000	1	502	5
1007	1200000	1	503	15
1008	2500000	1	503	13
1009	18500000	1	503	10
1010	350000000	2	504	4
1011	15000000	2	504	21
1012	7500000	1	505	12
1013	1200000	1	505	15
1014	18500000	1	505	16
1015	150000000	1	506	9
1016	140000000	1	506	8
1017	1500000	1	507	2
1018	150000000	2	507	9
1019	2500000	1	507	13
1020	12000000	1	508	11
1021	1500000	2	509	2
1022	500000	2	510	3
1023	1200000	2	511	15
1024	18500000	1	511	16
1025	2500000000	2	511	1
1026	180000000	2	512	7
1027	2500000000	1	512	1
1028	15000000	1	512	21
1029	150000000	2	513	9
1030	180000000	2	513	7
1031	7500000	2	513	20
1032	7500000	1	514	20
1033	12000000	1	515	11
1034	1500000	2	515	2
1035	22000000	2	515	18
1036	18500000	1	516	10
1037	16000000	2	516	17
1038	180000000	2	516	7
1039	280000000	1	517	6
1040	2500000000	2	517	1
1041	22000000	1	518	18
1042	140000000	1	518	8
1043	18500000	2	519	16
1044	7500000	2	519	12
1045	350000000	2	519	4
1046	280000000	1	520	6
1047	1200000	1	521	15
1048	1500000	2	522	2
1049	140000000	2	523	8
1050	7500000	2	524	12
1051	7500000	1	525	12
1052	5500000	1	526	19
1053	350000000	2	526	4
1054	180000000	1	527	7
1055	150000000	2	527	9
1056	500000	2	528	3
1057	4500000	2	528	14
1058	850000000	1	528	5
1059	500000	2	529	3
1060	150000000	1	530	9
1061	180000000	2	531	7
1062	4500000	2	531	14
1063	18500000	1	531	10
1064	4500000	2	532	14
1065	12000000	1	532	11
1066	16000000	2	533	17
1067	500000	1	534	3
1068	7500000	2	534	12
1069	1500000	1	534	2
1070	350000000	2	535	4
1071	18500000	2	535	16
1072	350000000	2	536	4
1073	500000	1	537	3
1074	140000000	2	537	8
1075	500000	2	538	3
1076	5500000	1	538	19
1077	18500000	1	538	10
1078	2500000	2	539	13
1079	5500000	2	539	19
1080	7500000	1	539	12
1081	180000000	1	540	7
1082	18500000	1	540	16
1083	280000000	2	541	6
1084	2500000	1	541	13
1085	18500000	2	541	10
1086	4500000	1	542	14
1087	7500000	1	542	12
1088	16000000	1	542	17
1089	850000000	1	543	5
1090	350000000	1	544	4
1091	2500000	1	544	13
1092	500000	1	545	3
1093	140000000	2	546	8
1094	2500000000	2	546	1
1095	7500000	1	546	12
1096	12000000	2	547	11
1097	280000000	2	547	6
1098	350000000	2	547	4
1099	18500000	1	548	10
1100	350000000	1	548	4
1101	2500000000	1	549	1
1102	18500000	1	549	16
1103	2500000	1	550	13
1104	16000000	1	550	17
1105	180000000	1	551	7
1106	280000000	1	551	6
1107	2500000	1	551	13
1108	850000000	1	552	5
1109	18500000	2	553	16
1110	850000000	2	553	5
1111	18500000	2	554	16
1112	12000000	1	554	11
1113	1200000	2	554	15
1114	18500000	2	555	10
1115	1500000	1	555	2
1116	2500000000	2	556	1
1117	140000000	1	556	8
1118	180000000	2	556	7
1119	4500000	2	557	14
1120	22000000	2	557	18
1121	22000000	2	558	18
1122	1200000	1	558	15
1123	280000000	1	558	6
1124	4500000	1	559	14
1125	5500000	1	559	19
1126	1200000	1	560	15
1127	16000000	2	560	17
1128	7500000	1	560	12
1129	850000000	1	561	5
1130	2500000	1	562	13
1131	4500000	1	563	14
1132	16000000	1	563	17
1133	1500000	2	564	2
1134	7500000	1	565	20
1135	350000000	2	565	4
1136	500000	1	565	3
1137	350000000	2	566	4
1138	180000000	1	566	7
1139	500000	1	566	3
1140	22000000	1	567	18
1141	7500000	2	567	12
1142	7500000	1	567	20
1143	850000000	2	568	5
1144	7500000	2	568	20
1145	2500000	2	568	13
1146	140000000	2	569	8
1147	500000	2	569	3
1148	15000000	2	569	21
1149	18500000	2	570	16
1150	2500000000	1	571	1
1151	12000000	1	572	11
1152	15000000	2	572	21
1153	140000000	2	572	8
1154	140000000	1	573	8
1155	22000000	2	574	18
1156	5500000	1	574	19
1157	280000000	2	575	6
1158	7500000	1	575	20
1159	1500000	1	575	2
1160	5500000	1	576	19
1161	18500000	1	576	10
1162	18500000	2	577	16
1163	18500000	1	577	10
1164	7500000	1	578	20
1165	140000000	2	578	8
1166	1200000	2	578	15
1167	12000000	2	579	11
1168	350000000	1	579	4
1169	18500000	2	579	16
1170	2500000	2	580	13
1171	140000000	1	580	8
1172	180000000	2	581	7
1173	22000000	1	581	18
1174	18500000	2	581	16
1175	16000000	2	582	17
1176	18500000	2	583	10
1177	280000000	1	583	6
1178	150000000	2	583	9
1179	7500000	1	584	12
1180	12000000	1	584	11
1181	16000000	2	585	17
1182	180000000	1	586	7
1183	7500000	2	586	20
1184	16000000	1	586	17
\.


--
-- Data for Name: store_product; Type: TABLE DATA; Schema: public; Owner: admin
--

COPY public.store_product (id, name, price, description, image, specs, category_id, is_active, stock) FROM stdin;
7	Omega Speedmaster Moonwatch	180000000	Chiếc đồng hồ đầu tiên lên mặt trăng.	products/watch_7_7720.jpg	{"Máy": "Quartz (Pin)", "Kính": "Sapphire", "Chống nước": "30 ATM", "Chất liệu dây": "Dây kim loại", "Đường kính mặt": "38 mm"}	4	t	7
4	Rolex Submariner Date	350000000	Mẫu đồng hồ lặn huyền thoại với thiết kế vượt thời gian.	products/watch_4_5457.jpg	{"Máy": "Quartz (Pin)", "Kính": "Hardlex", "Chống nước": "30 ATM", "Chất liệu dây": "Dây kim loại", "Đường kính mặt": "41 mm"}	3	t	51
3	casio	500000	dong ho dien tu	products/watch_3_3072.jpg	{}	1	t	32
6	Rolex Datejust 41	280000000	Biểu tượng của sự sang trọng cổ điển.	products/watch_6_7640.jpg	{"Máy": "Solar (Năng lượng ánh sáng)", "Kính": "Hardlex", "Chống nước": "20 ATM", "Chất liệu dây": "Dây da", "Đường kính mặt": "41 mm"}	3	t	19
8	Omega Seamaster Diver 300M	140000000	Sự lựa chọn của James Bond.	products/watch_8_1903.jpg	{"Máy": "Automatic (Cơ tự động)", "Kính": "Kính khoáng (Mineral)", "Chống nước": "30 ATM", "Chất liệu dây": "Dây da", "Đường kính mặt": "41 mm"}	4	t	25
9	Omega Aqua Terra 150M	150000000	Thiết kế thanh lịch cho cả mặt đất và trên biển.	products/watch_9_8816.jpg	{"Máy": "Automatic (Cơ tự động)", "Kính": "Nhựa", "Chống nước": "20 ATM", "Chất liệu dây": "Dây cao su", "Đường kính mặt": "40 mm"}	4	t	33
11	Seiko Presage Cocktail Time	12000000	Mặt số tuyệt đẹp lấy cảm hứng từ các loại cocktail.	products/watch_11_5486.jpg	{"Máy": "Solar (Năng lượng ánh sáng)", "Kính": "Hardlex", "Chống nước": "20 ATM", "Chất liệu dây": "Dây kim loại", "Đường kính mặt": "40 mm"}	5	t	20
12	Seiko 5 Sports Automatic	7500000	Sự khởi đầu hoàn hảo cho thế giới đồng hồ cơ.	products/watch_12_6891.jpg	{"Máy": "Automatic (Cơ tự động)", "Kính": "Sapphire", "Chống nước": "3 ATM", "Chất liệu dây": "Dây vải tự nhiên", "Đường kính mặt": "39 mm"}	5	t	20
10	Seiko Prospex Alpinist	18500000	Đồng hồ thám hiểm với thiết kế xanh lá cây đặc trưng.	products/watch_10_9297.jpg	{"Máy": "Quartz (Pin)", "Kính": "Kính khoáng (Mineral)", "Chống nước": "3 ATM", "Chất liệu dây": "Dây cao su", "Đường kính mặt": "44 mm"}	5	t	37
14	Casio Edifice Chronograph	4500000	Đồng hồ kim thao tác mượt mà với kết nối smartphone.	products/watch_14_7391.jpg	{"Máy": "Quartz (Pin)", "Kính": "Sapphire", "Chống nước": "10 ATM", "Chất liệu dây": "Dây vải tự nhiên", "Đường kính mặt": "43 mm"}	6	t	18
13	Casio G-Shock DW5600	2500000	Thiết kế vuông cổ điển, siêu bền bỉ.	products/watch_13_2277.jpg	{"Máy": "Automatic (Cơ tự động)", "Kính": "Sapphire", "Chống nước": "5 ATM", "Chất liệu dây": "Dây cao su", "Đường kính mặt": "39 mm"}	6	t	15
17	Tissot Le Locle Automatic	16000000	Thiết kế vô cùng cổ điển, vinh danh quê hương của Tissot.	products/watch_17_2869.jpg	{"Máy": "Automatic (Cơ tự động)", "Kính": "Hardlex", "Chống nước": "3 ATM", "Chất liệu dây": "Dây cao su", "Đường kính mặt": "41 mm"}	7	t	3
16	Tissot PRX Powermatic 80	18500000	Phong cách retro thập niên 70 với cỗ máy 80 giờ trữ cót.	products/watch_16_5698.jpg	{"Máy": "Automatic (Cơ tự động)", "Kính": "Sapphire", "Chống nước": "10 ATM", "Chất liệu dây": "Dây kim loại", "Đường kính mặt": "44 mm"}	7	t	24
15	Casio Vintage A168	1200000	Thiết kế hoài cổ sống lưng mọi ánh nhìn.	products/watch_15_8191.jpg	{"Máy": "Automatic (Cơ tự động)", "Kính": "Nhựa", "Chống nước": "20 ATM", "Chất liệu dây": "Dây da", "Đường kính mặt": "44 mm"}	6	t	1
18	Tissot Seastar 1000	22000000	Đồng hồ lặn mạnh mẽ và thời trang.	products/watch_18_7351.jpg	{"Máy": "Quartz (Pin)", "Kính": "Nhựa", "Chống nước": "10 ATM", "Chất liệu dây": "Dây da", "Đường kính mặt": "43 mm"}	7	t	0
20	Orient Kamasu Diver	7500000	Đồng hồ lặn giá hợp lý tốt nhất thị trường.	products/watch_20_5495.jpg	{"Máy": "Quartz (Pin)", "Kính": "Kính khoáng (Mineral)", "Chống nước": "10 ATM", "Chất liệu dây": "Dây vải tự nhiên", "Đường kính mặt": "42 mm"}	8	t	12
19	Orient Bambino Version 2	5500000	Đồng hồ dress watch cổ điển với mặt kính vòm cong.	products/watch_19_1559.jpg	{"Máy": "Solar (Năng lượng ánh sáng)", "Kính": "Hardlex", "Chống nước": "20 ATM", "Chất liệu dây": "Dây vải tự nhiên", "Đường kính mặt": "41 mm"}	8	t	32
21	Orient Star Classic	15000000	Dòng sản phẩm cao cấp của Orient với kim báo năng lượng.	products/watch_21_9991.jpg	{"Máy": "Solar (Năng lượng ánh sáng)", "Kính": "Sapphire", "Chống nước": "3 ATM", "Chất liệu dây": "Dây da", "Đường kính mặt": "43 mm"}	8	t	46
5	Rolex Daytona Cosmograph	850000000	Đồng hồ bấm giờ thể thao được săn đón nhất.	products/watch_5_7860.jpg	{"Máy": "Solar (Năng lượng ánh sáng)", "Kính": "Kính khoáng (Mineral)", "Chống nước": "3 ATM", "Chất liệu dây": "Dây kim loại", "Đường kính mặt": "41 mm"}	3	t	-2
1	Rolex Submariner	2500000000		products/watch_1_2520.jpg	{"glass": "Sapphire", "machine": "Automatic 3135", "water_resist": "300m"}	1	t	18
2	Dong ho co	1500000		products/watch_2_1210.jpg	{}	2	t	0
\.


--
-- Data for Name: store_productreview; Type: TABLE DATA; Schema: public; Owner: admin
--

COPY public.store_productreview (id, rating, content, created_at, product_id, user_id) FROM stdin;
1	4	Thiết kế sang trọng, đeo rất êm tay.	2026-04-16 08:56:55.090264+00	7	3
2	4	Hàng chính hãng, check code thoải mái.	2026-04-16 08:56:55.099282+00	7	4
3	4	Màu sắc rất bắt mắt, phối đồ cực dễ.	2026-04-16 08:56:55.101375+00	4	5
4	5	Chất lượng hoàn thiện tốt, mặt kính sáng bóng.	2026-04-16 08:56:55.104045+00	3	2
5	5	Hàng chính hãng, check code thoải mái.	2026-04-16 08:56:55.106164+00	6	6
6	5	Chất lượng hoàn thiện tốt, mặt kính sáng bóng.	2026-04-16 08:56:55.108498+00	8	3
7	4	Hàng chính hãng, check code thoải mái.	2026-04-16 08:56:55.110425+00	5	6
8	4	Chất lượng hoàn thiện tốt, mặt kính sáng bóng.	2026-04-16 08:56:55.112332+00	9	3
9	5	Màu sắc rất bắt mắt, phối đồ cực dễ.	2026-04-16 08:56:55.114824+00	11	3
10	4	Hàng chính hãng, check code thoải mái.	2026-04-16 08:56:55.117329+00	12	5
11	4	Hàng chính hãng, check code thoải mái.	2026-04-16 08:56:55.11912+00	12	2
12	5	Sẽ ủng hộ shop dài dài, phục vụ quá nhiệt tình.	2026-04-16 08:56:55.121019+00	10	6
13	4	Đồng hồ đẹp hơn cả trong ảnh, 5 sao!	2026-04-16 08:56:55.122765+00	10	3
14	4	Thiết kế sang trọng, đeo rất êm tay.	2026-04-16 08:56:55.124642+00	14	3
15	5	Màu sắc rất bắt mắt, phối đồ cực dễ.	2026-04-16 08:56:55.126351+00	13	4
16	4	Thiết kế sang trọng, đeo rất êm tay.	2026-04-16 08:56:55.128174+00	13	2
17	4	Mua tặng chồng mà chồng khen suốt. Cảm ơn shop.	2026-04-16 08:56:55.129837+00	17	4
18	5	Hàng chính hãng, check code thoải mái.	2026-04-16 08:56:55.131676+00	16	3
19	4	Dây đeo chắc chắn, cảm giác rất cao cấp.	2026-04-16 08:56:55.133349+00	15	5
20	5	Hàng chính hãng, check code thoải mái.	2026-04-16 08:56:55.135277+00	18	2
21	4	Chất lượng hoàn thiện tốt, mặt kính sáng bóng.	2026-04-16 08:56:55.1371+00	18	4
22	4	Chất lượng hoàn thiện tốt, mặt kính sáng bóng.	2026-04-16 08:56:55.138989+00	20	6
23	5	Thiết kế sang trọng, đeo rất êm tay.	2026-04-16 08:56:55.140695+00	19	6
24	4	Đồng hồ đẹp hơn cả trong ảnh, 5 sao!	2026-04-16 08:56:55.142395+00	19	3
25	5	Đồng hồ đẹp hơn cả trong ảnh, 5 sao!	2026-04-16 08:56:55.144236+00	21	5
26	5	Mua tặng chồng mà chồng khen suốt. Cảm ơn shop.	2026-04-16 08:56:55.145939+00	1	2
27	4	Dây đeo chắc chắn, cảm giác rất cao cấp.	2026-04-16 08:56:55.147852+00	2	2
28	4	12345\r\n	2026-04-16 09:41:13.613809+00	5	8
\.


--
-- Data for Name: store_stockhistory; Type: TABLE DATA; Schema: public; Owner: admin
--

COPY public.store_stockhistory (id, stock_before, stock_after, change_amount, type, note, created_at, product_id, user_id) FROM stdin;
1	0	14	14	Return	Kiểm kê cuối ngày	2026-04-16 08:04:48.990381+00	7	1
2	14	7	-7	Update	Hoàn trả hàng lỗi	2026-04-16 08:04:49.001536+00	7	1
3	7	3	-4	Import	Hoàn trả hàng lỗi	2026-04-16 08:04:49.005032+00	7	1
4	3	7	4	Import	Kiểm kê cuối ngày	2026-04-16 08:04:49.008348+00	7	1
5	0	0	0	Import	Hoàn trả hàng lỗi	2026-04-16 08:04:49.011525+00	2	1
6	0	0	0	Import	Hoàn trả hàng lỗi	2026-04-16 08:04:49.01469+00	2	1
7	0	0	0	Sale	Nhập hàng định kỳ tháng 4	2026-04-16 08:04:49.018186+00	2	1
8	0	0	0	Sale	Điều chỉnh stock sau khi đếm lại	2026-04-16 08:04:49.021118+00	2	1
9	0	15	15	Update	Nhập hàng định kỳ tháng 4	2026-04-16 08:04:49.02443+00	3	1
10	15	32	17	Sale	Bán lẻ cho khách tại quầy	2026-04-16 08:04:49.027275+00	3	1
11	0	17	17	Import	Điều chỉnh stock sau khi đếm lại	2026-04-16 08:04:49.03018+00	4	1
12	17	37	20	Update	Bán lẻ cho khách tại quầy	2026-04-16 08:04:49.033082+00	4	1
13	37	51	14	Return	Hoàn trả hàng lỗi	2026-04-16 08:04:49.035828+00	4	1
14	0	2	2	Return	Điều chỉnh stock sau khi đếm lại	2026-04-16 08:04:49.039268+00	5	1
15	2	4	2	Return	Kiểm kê cuối ngày	2026-04-16 08:04:49.042049+00	5	1
16	4	0	-4	Import	Hoàn trả hàng lỗi	2026-04-16 08:04:49.04516+00	5	1
17	0	9	9	Return	Điều chỉnh stock sau khi đếm lại	2026-04-16 08:04:49.048265+00	6	1
18	9	22	13	Sale	Nhập hàng định kỳ tháng 4	2026-04-16 08:04:49.05139+00	6	1
19	22	19	-3	Import	Điều chỉnh stock sau khi đếm lại	2026-04-16 08:04:49.05429+00	6	1
20	0	18	18	Return	Bán lẻ cho khách tại quầy	2026-04-16 08:04:49.058045+00	8	1
21	18	25	7	Import	Hoàn trả hàng lỗi	2026-04-16 08:04:49.061387+00	8	1
22	0	18	18	Sale	Hoàn trả hàng lỗi	2026-04-16 08:04:49.064482+00	9	1
23	18	26	8	Return	Điều chỉnh stock sau khi đếm lại	2026-04-16 08:04:49.068029+00	9	1
24	26	17	-9	Import	Điều chỉnh stock sau khi đếm lại	2026-04-16 08:04:49.070998+00	9	1
25	17	33	16	Sale	Nhập hàng định kỳ tháng 4	2026-04-16 08:04:49.074444+00	9	1
26	0	18	18	Update	Hoàn trả hàng lỗi	2026-04-16 08:04:49.077553+00	10	1
27	18	36	18	Return	Kiểm kê cuối ngày	2026-04-16 08:04:49.081023+00	10	1
28	36	37	1	Update	Kiểm kê cuối ngày	2026-04-16 08:04:49.083963+00	10	1
29	0	17	17	Update	Hoàn trả hàng lỗi	2026-04-16 08:04:49.087234+00	11	1
30	17	23	6	Return	Kiểm kê cuối ngày	2026-04-16 08:04:49.090076+00	11	1
31	23	20	-3	Sale	Điều chỉnh stock sau khi đếm lại	2026-04-16 08:04:49.093089+00	11	1
32	0	0	0	Sale	Điều chỉnh stock sau khi đếm lại	2026-04-16 08:04:49.095974+00	12	1
33	0	14	14	Update	Kiểm kê cuối ngày	2026-04-16 08:04:49.099058+00	12	1
34	14	23	9	Return	Nhập hàng định kỳ tháng 4	2026-04-16 08:04:49.102143+00	12	1
35	23	20	-3	Update	Kiểm kê cuối ngày	2026-04-16 08:04:49.104985+00	12	1
36	0	2	2	Update	Hoàn trả hàng lỗi	2026-04-16 08:04:49.107987+00	13	1
37	2	15	13	Import	Hoàn trả hàng lỗi	2026-04-16 08:04:49.110618+00	13	1
38	0	0	0	Import	Điều chỉnh stock sau khi đếm lại	2026-04-16 08:04:49.11353+00	14	1
39	0	18	18	Sale	Hoàn trả hàng lỗi	2026-04-16 08:04:49.116525+00	14	1
40	0	5	5	Import	Hoàn trả hàng lỗi	2026-04-16 08:04:49.119279+00	15	1
41	5	1	-4	Update	Kiểm kê cuối ngày	2026-04-16 08:04:49.122292+00	15	1
42	1	1	0	Return	Nhập hàng định kỳ tháng 4	2026-04-16 08:04:49.12516+00	15	1
43	0	8	8	Import	Nhập hàng định kỳ tháng 4	2026-04-16 08:04:49.128418+00	16	1
44	8	24	16	Update	Kiểm kê cuối ngày	2026-04-16 08:04:49.131293+00	16	1
45	0	0	0	Sale	Điều chỉnh stock sau khi đếm lại	2026-04-16 08:04:49.134177+00	17	1
46	0	5	5	Sale	Bán lẻ cho khách tại quầy	2026-04-16 08:04:49.136985+00	17	1
47	5	3	-2	Return	Điều chỉnh stock sau khi đếm lại	2026-04-16 08:04:49.139507+00	17	1
48	0	0	0	Update	Nhập hàng định kỳ tháng 4	2026-04-16 08:04:49.142475+00	18	1
49	0	0	0	Sale	Hoàn trả hàng lỗi	2026-04-16 08:04:49.145294+00	18	1
50	0	0	0	Sale	Nhập hàng định kỳ tháng 4	2026-04-16 08:04:49.148331+00	19	1
51	0	1	1	Update	Nhập hàng định kỳ tháng 4	2026-04-16 08:04:49.151352+00	19	1
52	1	0	-1	Sale	Điều chỉnh stock sau khi đếm lại	2026-04-16 08:04:49.154174+00	19	1
53	0	19	19	Update	Kiểm kê cuối ngày	2026-04-16 08:04:49.157141+00	19	1
54	19	32	13	Sale	Nhập hàng định kỳ tháng 4	2026-04-16 08:04:49.159784+00	19	1
55	0	10	10	Update	Hoàn trả hàng lỗi	2026-04-16 08:04:49.163391+00	20	1
56	10	14	4	Sale	Bán lẻ cho khách tại quầy	2026-04-16 08:04:49.166295+00	20	1
57	14	12	-2	Sale	Nhập hàng định kỳ tháng 4	2026-04-16 08:04:49.169263+00	20	1
58	0	4	4	Return	Hoàn trả hàng lỗi	2026-04-16 08:04:49.172397+00	21	1
59	4	16	12	Update	Kiểm kê cuối ngày	2026-04-16 08:04:49.175301+00	21	1
60	-1	0	1	Import	Hoàn trả hàng lỗi	2026-04-16 08:04:49.178399+00	1	1
61	0	18	18	Sale	Điều chỉnh stock sau khi đếm lại	2026-04-16 08:04:49.181417+00	1	1
62	16	26	10	Import	Nhập thêm qua Excel	2026-04-16 09:22:49.174359+00	21	1
63	26	36	10	Import	Nhập thêm qua Excel	2026-04-16 09:39:56.825773+00	21	1
64	36	46	10	Import	Nhập thêm qua Excel	2026-04-16 09:40:23.668293+00	21	1
\.


--
-- Data for Name: store_store; Type: TABLE DATA; Schema: public; Owner: admin
--

COPY public.store_store (id, name, address, phone, location) FROM stdin;
2	Cửa Hàng Đồng Hồ Giá Tốt.vn	12 giap hai , tan an hoi , cu chi , tp hcm	0378271782	0101000020E6100000C1559E40D89E5A40221807978EF12540
1	Cửa Hàng Đồng Hồ Giá Tốt.vn	12a đường nguyễn thị rành tân an hội củ chi tp hcm	0378271782	0101000020E610000046240A2DEB9F5A403143E38920EE2540
3	Cửa Hàng Đồng Hồ Giá Tốt .vn	12a đường nguyễn thị rành tân an hội củ chi tp hcm	0378271782	0101000020E6100000FB592C45F29E5A40973AC8EBC1FC2540
4	WatchStore Center Hồ Chí Minh #1	Số 280 ('Lê Lợi', 'Hồ Chí Minh')	0999443095	0101000020E6100000E70C1AD7C5A95A40BC5C2885C2902540
5	WatchStore Outlet Nha Trang #2	Số 285 ('Lê Lợi', 'Nha Trang')	0957564996	0101000020E61000007510C7896E4E5B405BE1DDE07B862840
6	WatchStore Express Đà Nẵng #3	Số 589 ('Nguyễn Trãi', 'Đà Nẵng')	0988262244	0101000020E61000008D914B00F30E5B40EEF12A7CE8063040
7	WatchStore Outlet Hải Phòng #4	Số 986 ('Phan Đình Phùng', 'Hải Phòng')	0953816191	0101000020E610000041CB41BD3BAE5A400AC4264983D03440
8	WatchStore Express Hải Phòng #5	Số 207 ('Trần Hưng Đạo', 'Hải Phòng')	0933113728	0101000020E61000008344067FB8AC5A40E708BDA1D4D53440
9	WatchStore Express Hà Nội #6	Số 165 ('Nguyễn Văn Linh', 'Hà Nội')	0995420090	0101000020E61000006897CFBB55785A40FFCA9B91EE043540
10	WatchStore Outlet Hồ Chí Minh #7	Số 574 ('Lê Lợi', 'Hồ Chí Minh')	0992653872	0101000020E610000008412E2670A75A40F001E906449B2540
11	WatchStore Express Hồ Chí Minh #8	Số 159 ('Trần Hưng Đạo', 'Hồ Chí Minh')	0959920231	0101000020E6100000A1FB904A5CA85A40EA1DA662C09B2540
12	WatchStore Center Đà Nẵng #9	Số 930 ('Lê Lợi', 'Đà Nẵng')	0923337812	0101000020E6100000E0D2DD3D310E5B403471B363BD0F3040
13	WatchStore Standard Hà Nội #10	Số 287 ('Quang Trung', 'Hà Nội')	0955441409	0101000020E61000005146EFD0B5775A40EAC247C0E60F3540
14	WatchStore Center Cần Thơ #11	Số 373 ('Hai Bà Trưng', 'Cần Thơ')	0915829183	0101000020E61000000CC4BCD2D76E5A4002B68D3339192440
15	WatchStore Premium Đà Nẵng #12	Số 753 ('Trần Hưng Đạo', 'Đà Nẵng')	0917695874	0101000020E61000008546044BE0095B40EEA80E5641023040
16	WatchStore Express Hồ Chí Minh #13	Số 413 ('Trần Hưng Đạo', 'Hồ Chí Minh')	0936315901	0101000020E610000077F9F7DBBBAA5A40654BDF298B8C2540
17	WatchStore Express Huế #14	Số 101 ('Trần Hưng Đạo', 'Huế')	0964959380	0101000020E6100000BDD678B80AE85A40CB388983F7793040
18	WatchStore Express Hải Phòng #15	Số 93 ('Nguyễn Văn Linh', 'Hải Phòng')	0972209312	0101000020E6100000EB1BD5FAA7AB5A400B408B4D06DA3440
19	WatchStore Express Hải Phòng #16	Số 274 ('Phan Đình Phùng', 'Hải Phòng')	0942367272	0101000020E610000048623EB36BA95A40BB1683ECB3D33440
20	WatchStore Outlet Hà Nội #17	Số 284 ('Hai Bà Trưng', 'Hà Nội')	0912559694	0101000020E610000099A0F05835795A402697B109D7033540
21	WatchStore Express Đà Lạt #18	Số 230 ('Hai Bà Trưng', 'Đà Lạt')	0938626187	0101000020E6100000528FD1EEA41D5B40EF2F052C27C82740
22	WatchStore Premium Hồ Chí Minh #19	Số 191 ('Quang Trung', 'Hồ Chí Minh')	0934469419	0101000020E610000031B5AA7FD7A95A40726792D185932540
23	WatchStore Premium Nha Trang #20	Số 145 ('Lê Lợi', 'Nha Trang')	0934201386	0101000020E6100000F2AF8D25F54C5B40A87A8693AF632840
24	Cửa Hàng Đồng Hồ Giá Tốt LTT.vn	23 Lý Tự Trọng	0378271782	0101000020E61000001C96067ED4AC5A408CBCAC89058E2540
25	Cửa Hàng Đồng Hồ Giá Tốt 123.vn	23 Lý tự trọng		0101000020E61000001C96067ED4AC5A408CBCAC89058E2540
\.


--
-- Data for Name: geocode_settings; Type: TABLE DATA; Schema: tiger; Owner: admin
--

COPY tiger.geocode_settings (name, setting, unit, category, short_desc) FROM stdin;
\.


--
-- Data for Name: pagc_gaz; Type: TABLE DATA; Schema: tiger; Owner: admin
--

COPY tiger.pagc_gaz (id, seq, word, stdword, token, is_custom) FROM stdin;
\.


--
-- Data for Name: pagc_lex; Type: TABLE DATA; Schema: tiger; Owner: admin
--

COPY tiger.pagc_lex (id, seq, word, stdword, token, is_custom) FROM stdin;
\.


--
-- Data for Name: pagc_rules; Type: TABLE DATA; Schema: tiger; Owner: admin
--

COPY tiger.pagc_rules (id, rule, is_custom) FROM stdin;
\.


--
-- Data for Name: topology; Type: TABLE DATA; Schema: topology; Owner: admin
--

COPY topology.topology (id, name, srid, "precision", hasz) FROM stdin;
\.


--
-- Data for Name: layer; Type: TABLE DATA; Schema: topology; Owner: admin
--

COPY topology.layer (topology_id, layer_id, schema_name, table_name, feature_column, feature_type, level, child_id) FROM stdin;
\.


--
-- Name: auth_group_id_seq; Type: SEQUENCE SET; Schema: public; Owner: admin
--

SELECT pg_catalog.setval('public.auth_group_id_seq', 1, false);


--
-- Name: auth_group_permissions_id_seq; Type: SEQUENCE SET; Schema: public; Owner: admin
--

SELECT pg_catalog.setval('public.auth_group_permissions_id_seq', 1, false);


--
-- Name: auth_permission_id_seq; Type: SEQUENCE SET; Schema: public; Owner: admin
--

SELECT pg_catalog.setval('public.auth_permission_id_seq', 60, true);


--
-- Name: auth_user_groups_id_seq; Type: SEQUENCE SET; Schema: public; Owner: admin
--

SELECT pg_catalog.setval('public.auth_user_groups_id_seq', 1, false);


--
-- Name: auth_user_id_seq; Type: SEQUENCE SET; Schema: public; Owner: admin
--

SELECT pg_catalog.setval('public.auth_user_id_seq', 8, true);


--
-- Name: auth_user_user_permissions_id_seq; Type: SEQUENCE SET; Schema: public; Owner: admin
--

SELECT pg_catalog.setval('public.auth_user_user_permissions_id_seq', 1, false);


--
-- Name: django_admin_log_id_seq; Type: SEQUENCE SET; Schema: public; Owner: admin
--

SELECT pg_catalog.setval('public.django_admin_log_id_seq', 7, true);


--
-- Name: django_content_type_id_seq; Type: SEQUENCE SET; Schema: public; Owner: admin
--

SELECT pg_catalog.setval('public.django_content_type_id_seq', 15, true);


--
-- Name: django_migrations_id_seq; Type: SEQUENCE SET; Schema: public; Owner: admin
--

SELECT pg_catalog.setval('public.django_migrations_id_seq', 28, true);


--
-- Name: store_cartitem_id_seq; Type: SEQUENCE SET; Schema: public; Owner: admin
--

SELECT pg_catalog.setval('public.store_cartitem_id_seq', 6, true);


--
-- Name: store_category_id_seq; Type: SEQUENCE SET; Schema: public; Owner: admin
--

SELECT pg_catalog.setval('public.store_category_id_seq', 8, true);


--
-- Name: store_coupon_id_seq; Type: SEQUENCE SET; Schema: public; Owner: admin
--

SELECT pg_catalog.setval('public.store_coupon_id_seq', 11, true);


--
-- Name: store_order_id_seq; Type: SEQUENCE SET; Schema: public; Owner: admin
--

SELECT pg_catalog.setval('public.store_order_id_seq', 586, true);


--
-- Name: store_orderitem_id_seq; Type: SEQUENCE SET; Schema: public; Owner: admin
--

SELECT pg_catalog.setval('public.store_orderitem_id_seq', 1184, true);


--
-- Name: store_product_id_seq; Type: SEQUENCE SET; Schema: public; Owner: admin
--

SELECT pg_catalog.setval('public.store_product_id_seq', 21, true);


--
-- Name: store_productreview_id_seq; Type: SEQUENCE SET; Schema: public; Owner: admin
--

SELECT pg_catalog.setval('public.store_productreview_id_seq', 28, true);


--
-- Name: store_stockhistory_id_seq; Type: SEQUENCE SET; Schema: public; Owner: admin
--

SELECT pg_catalog.setval('public.store_stockhistory_id_seq', 64, true);


--
-- Name: store_store_id_seq; Type: SEQUENCE SET; Schema: public; Owner: admin
--

SELECT pg_catalog.setval('public.store_store_id_seq', 25, true);


--
-- Name: topology_id_seq; Type: SEQUENCE SET; Schema: topology; Owner: admin
--

SELECT pg_catalog.setval('topology.topology_id_seq', 1, false);


--
-- Name: auth_group auth_group_name_key; Type: CONSTRAINT; Schema: public; Owner: admin
--

ALTER TABLE ONLY public.auth_group
    ADD CONSTRAINT auth_group_name_key UNIQUE (name);


--
-- Name: auth_group_permissions auth_group_permissions_group_id_permission_id_0cd325b0_uniq; Type: CONSTRAINT; Schema: public; Owner: admin
--

ALTER TABLE ONLY public.auth_group_permissions
    ADD CONSTRAINT auth_group_permissions_group_id_permission_id_0cd325b0_uniq UNIQUE (group_id, permission_id);


--
-- Name: auth_group_permissions auth_group_permissions_pkey; Type: CONSTRAINT; Schema: public; Owner: admin
--

ALTER TABLE ONLY public.auth_group_permissions
    ADD CONSTRAINT auth_group_permissions_pkey PRIMARY KEY (id);


--
-- Name: auth_group auth_group_pkey; Type: CONSTRAINT; Schema: public; Owner: admin
--

ALTER TABLE ONLY public.auth_group
    ADD CONSTRAINT auth_group_pkey PRIMARY KEY (id);


--
-- Name: auth_permission auth_permission_content_type_id_codename_01ab375a_uniq; Type: CONSTRAINT; Schema: public; Owner: admin
--

ALTER TABLE ONLY public.auth_permission
    ADD CONSTRAINT auth_permission_content_type_id_codename_01ab375a_uniq UNIQUE (content_type_id, codename);


--
-- Name: auth_permission auth_permission_pkey; Type: CONSTRAINT; Schema: public; Owner: admin
--

ALTER TABLE ONLY public.auth_permission
    ADD CONSTRAINT auth_permission_pkey PRIMARY KEY (id);


--
-- Name: auth_user_groups auth_user_groups_pkey; Type: CONSTRAINT; Schema: public; Owner: admin
--

ALTER TABLE ONLY public.auth_user_groups
    ADD CONSTRAINT auth_user_groups_pkey PRIMARY KEY (id);


--
-- Name: auth_user_groups auth_user_groups_user_id_group_id_94350c0c_uniq; Type: CONSTRAINT; Schema: public; Owner: admin
--

ALTER TABLE ONLY public.auth_user_groups
    ADD CONSTRAINT auth_user_groups_user_id_group_id_94350c0c_uniq UNIQUE (user_id, group_id);


--
-- Name: auth_user auth_user_pkey; Type: CONSTRAINT; Schema: public; Owner: admin
--

ALTER TABLE ONLY public.auth_user
    ADD CONSTRAINT auth_user_pkey PRIMARY KEY (id);


--
-- Name: auth_user_user_permissions auth_user_user_permissions_pkey; Type: CONSTRAINT; Schema: public; Owner: admin
--

ALTER TABLE ONLY public.auth_user_user_permissions
    ADD CONSTRAINT auth_user_user_permissions_pkey PRIMARY KEY (id);


--
-- Name: auth_user_user_permissions auth_user_user_permissions_user_id_permission_id_14a6b632_uniq; Type: CONSTRAINT; Schema: public; Owner: admin
--

ALTER TABLE ONLY public.auth_user_user_permissions
    ADD CONSTRAINT auth_user_user_permissions_user_id_permission_id_14a6b632_uniq UNIQUE (user_id, permission_id);


--
-- Name: auth_user auth_user_username_key; Type: CONSTRAINT; Schema: public; Owner: admin
--

ALTER TABLE ONLY public.auth_user
    ADD CONSTRAINT auth_user_username_key UNIQUE (username);


--
-- Name: django_admin_log django_admin_log_pkey; Type: CONSTRAINT; Schema: public; Owner: admin
--

ALTER TABLE ONLY public.django_admin_log
    ADD CONSTRAINT django_admin_log_pkey PRIMARY KEY (id);


--
-- Name: django_content_type django_content_type_app_label_model_76bd3d3b_uniq; Type: CONSTRAINT; Schema: public; Owner: admin
--

ALTER TABLE ONLY public.django_content_type
    ADD CONSTRAINT django_content_type_app_label_model_76bd3d3b_uniq UNIQUE (app_label, model);


--
-- Name: django_content_type django_content_type_pkey; Type: CONSTRAINT; Schema: public; Owner: admin
--

ALTER TABLE ONLY public.django_content_type
    ADD CONSTRAINT django_content_type_pkey PRIMARY KEY (id);


--
-- Name: django_migrations django_migrations_pkey; Type: CONSTRAINT; Schema: public; Owner: admin
--

ALTER TABLE ONLY public.django_migrations
    ADD CONSTRAINT django_migrations_pkey PRIMARY KEY (id);


--
-- Name: django_session django_session_pkey; Type: CONSTRAINT; Schema: public; Owner: admin
--

ALTER TABLE ONLY public.django_session
    ADD CONSTRAINT django_session_pkey PRIMARY KEY (session_key);


--
-- Name: store_cartitem store_cartitem_pkey; Type: CONSTRAINT; Schema: public; Owner: admin
--

ALTER TABLE ONLY public.store_cartitem
    ADD CONSTRAINT store_cartitem_pkey PRIMARY KEY (id);


--
-- Name: store_category store_category_name_150032c6_uniq; Type: CONSTRAINT; Schema: public; Owner: admin
--

ALTER TABLE ONLY public.store_category
    ADD CONSTRAINT store_category_name_150032c6_uniq UNIQUE (name);


--
-- Name: store_category store_category_pkey; Type: CONSTRAINT; Schema: public; Owner: admin
--

ALTER TABLE ONLY public.store_category
    ADD CONSTRAINT store_category_pkey PRIMARY KEY (id);


--
-- Name: store_category store_category_slug_key; Type: CONSTRAINT; Schema: public; Owner: admin
--

ALTER TABLE ONLY public.store_category
    ADD CONSTRAINT store_category_slug_key UNIQUE (slug);


--
-- Name: store_coupon store_coupon_code_key; Type: CONSTRAINT; Schema: public; Owner: admin
--

ALTER TABLE ONLY public.store_coupon
    ADD CONSTRAINT store_coupon_code_key UNIQUE (code);


--
-- Name: store_coupon store_coupon_pkey; Type: CONSTRAINT; Schema: public; Owner: admin
--

ALTER TABLE ONLY public.store_coupon
    ADD CONSTRAINT store_coupon_pkey PRIMARY KEY (id);


--
-- Name: store_order store_order_pkey; Type: CONSTRAINT; Schema: public; Owner: admin
--

ALTER TABLE ONLY public.store_order
    ADD CONSTRAINT store_order_pkey PRIMARY KEY (id);


--
-- Name: store_orderitem store_orderitem_pkey; Type: CONSTRAINT; Schema: public; Owner: admin
--

ALTER TABLE ONLY public.store_orderitem
    ADD CONSTRAINT store_orderitem_pkey PRIMARY KEY (id);


--
-- Name: store_product store_product_pkey; Type: CONSTRAINT; Schema: public; Owner: admin
--

ALTER TABLE ONLY public.store_product
    ADD CONSTRAINT store_product_pkey PRIMARY KEY (id);


--
-- Name: store_productreview store_productreview_pkey; Type: CONSTRAINT; Schema: public; Owner: admin
--

ALTER TABLE ONLY public.store_productreview
    ADD CONSTRAINT store_productreview_pkey PRIMARY KEY (id);


--
-- Name: store_stockhistory store_stockhistory_pkey; Type: CONSTRAINT; Schema: public; Owner: admin
--

ALTER TABLE ONLY public.store_stockhistory
    ADD CONSTRAINT store_stockhistory_pkey PRIMARY KEY (id);


--
-- Name: store_store store_store_pkey; Type: CONSTRAINT; Schema: public; Owner: admin
--

ALTER TABLE ONLY public.store_store
    ADD CONSTRAINT store_store_pkey PRIMARY KEY (id);


--
-- Name: auth_group_name_a6ea08ec_like; Type: INDEX; Schema: public; Owner: admin
--

CREATE INDEX auth_group_name_a6ea08ec_like ON public.auth_group USING btree (name varchar_pattern_ops);


--
-- Name: auth_group_permissions_group_id_b120cbf9; Type: INDEX; Schema: public; Owner: admin
--

CREATE INDEX auth_group_permissions_group_id_b120cbf9 ON public.auth_group_permissions USING btree (group_id);


--
-- Name: auth_group_permissions_permission_id_84c5c92e; Type: INDEX; Schema: public; Owner: admin
--

CREATE INDEX auth_group_permissions_permission_id_84c5c92e ON public.auth_group_permissions USING btree (permission_id);


--
-- Name: auth_permission_content_type_id_2f476e4b; Type: INDEX; Schema: public; Owner: admin
--

CREATE INDEX auth_permission_content_type_id_2f476e4b ON public.auth_permission USING btree (content_type_id);


--
-- Name: auth_user_groups_group_id_97559544; Type: INDEX; Schema: public; Owner: admin
--

CREATE INDEX auth_user_groups_group_id_97559544 ON public.auth_user_groups USING btree (group_id);


--
-- Name: auth_user_groups_user_id_6a12ed8b; Type: INDEX; Schema: public; Owner: admin
--

CREATE INDEX auth_user_groups_user_id_6a12ed8b ON public.auth_user_groups USING btree (user_id);


--
-- Name: auth_user_user_permissions_permission_id_1fbb5f2c; Type: INDEX; Schema: public; Owner: admin
--

CREATE INDEX auth_user_user_permissions_permission_id_1fbb5f2c ON public.auth_user_user_permissions USING btree (permission_id);


--
-- Name: auth_user_user_permissions_user_id_a95ead1b; Type: INDEX; Schema: public; Owner: admin
--

CREATE INDEX auth_user_user_permissions_user_id_a95ead1b ON public.auth_user_user_permissions USING btree (user_id);


--
-- Name: auth_user_username_6821ab7c_like; Type: INDEX; Schema: public; Owner: admin
--

CREATE INDEX auth_user_username_6821ab7c_like ON public.auth_user USING btree (username varchar_pattern_ops);


--
-- Name: django_admin_log_content_type_id_c4bce8eb; Type: INDEX; Schema: public; Owner: admin
--

CREATE INDEX django_admin_log_content_type_id_c4bce8eb ON public.django_admin_log USING btree (content_type_id);


--
-- Name: django_admin_log_user_id_c564eba6; Type: INDEX; Schema: public; Owner: admin
--

CREATE INDEX django_admin_log_user_id_c564eba6 ON public.django_admin_log USING btree (user_id);


--
-- Name: django_session_expire_date_a5c62663; Type: INDEX; Schema: public; Owner: admin
--

CREATE INDEX django_session_expire_date_a5c62663 ON public.django_session USING btree (expire_date);


--
-- Name: django_session_session_key_c0390e0f_like; Type: INDEX; Schema: public; Owner: admin
--

CREATE INDEX django_session_session_key_c0390e0f_like ON public.django_session USING btree (session_key varchar_pattern_ops);


--
-- Name: store_cartitem_product_id_4238d443; Type: INDEX; Schema: public; Owner: admin
--

CREATE INDEX store_cartitem_product_id_4238d443 ON public.store_cartitem USING btree (product_id);


--
-- Name: store_cartitem_user_id_3ff2f2b5; Type: INDEX; Schema: public; Owner: admin
--

CREATE INDEX store_cartitem_user_id_3ff2f2b5 ON public.store_cartitem USING btree (user_id);


--
-- Name: store_category_name_150032c6_like; Type: INDEX; Schema: public; Owner: admin
--

CREATE INDEX store_category_name_150032c6_like ON public.store_category USING btree (name varchar_pattern_ops);


--
-- Name: store_category_slug_2d349264_like; Type: INDEX; Schema: public; Owner: admin
--

CREATE INDEX store_category_slug_2d349264_like ON public.store_category USING btree (slug varchar_pattern_ops);


--
-- Name: store_coupon_code_ff80b376_like; Type: INDEX; Schema: public; Owner: admin
--

CREATE INDEX store_coupon_code_ff80b376_like ON public.store_coupon USING btree (code varchar_pattern_ops);


--
-- Name: store_order_user_id_ae5f7a5f; Type: INDEX; Schema: public; Owner: admin
--

CREATE INDEX store_order_user_id_ae5f7a5f ON public.store_order USING btree (user_id);


--
-- Name: store_orderitem_order_id_acf8722d; Type: INDEX; Schema: public; Owner: admin
--

CREATE INDEX store_orderitem_order_id_acf8722d ON public.store_orderitem USING btree (order_id);


--
-- Name: store_orderitem_product_id_f2b098d4; Type: INDEX; Schema: public; Owner: admin
--

CREATE INDEX store_orderitem_product_id_f2b098d4 ON public.store_orderitem USING btree (product_id);


--
-- Name: store_product_category_id_574bae65; Type: INDEX; Schema: public; Owner: admin
--

CREATE INDEX store_product_category_id_574bae65 ON public.store_product USING btree (category_id);


--
-- Name: store_productreview_product_id_28a58e2f; Type: INDEX; Schema: public; Owner: admin
--

CREATE INDEX store_productreview_product_id_28a58e2f ON public.store_productreview USING btree (product_id);


--
-- Name: store_productreview_user_id_7aa47bd8; Type: INDEX; Schema: public; Owner: admin
--

CREATE INDEX store_productreview_user_id_7aa47bd8 ON public.store_productreview USING btree (user_id);


--
-- Name: store_stockhistory_product_id_a8e76f8f; Type: INDEX; Schema: public; Owner: admin
--

CREATE INDEX store_stockhistory_product_id_a8e76f8f ON public.store_stockhistory USING btree (product_id);


--
-- Name: store_stockhistory_user_id_84839a46; Type: INDEX; Schema: public; Owner: admin
--

CREATE INDEX store_stockhistory_user_id_84839a46 ON public.store_stockhistory USING btree (user_id);


--
-- Name: store_store_location_bd259ed5_id; Type: INDEX; Schema: public; Owner: admin
--

CREATE INDEX store_store_location_bd259ed5_id ON public.store_store USING gist (location);


--
-- Name: auth_group_permissions auth_group_permissio_permission_id_84c5c92e_fk_auth_perm; Type: FK CONSTRAINT; Schema: public; Owner: admin
--

ALTER TABLE ONLY public.auth_group_permissions
    ADD CONSTRAINT auth_group_permissio_permission_id_84c5c92e_fk_auth_perm FOREIGN KEY (permission_id) REFERENCES public.auth_permission(id) DEFERRABLE INITIALLY DEFERRED;


--
-- Name: auth_group_permissions auth_group_permissions_group_id_b120cbf9_fk_auth_group_id; Type: FK CONSTRAINT; Schema: public; Owner: admin
--

ALTER TABLE ONLY public.auth_group_permissions
    ADD CONSTRAINT auth_group_permissions_group_id_b120cbf9_fk_auth_group_id FOREIGN KEY (group_id) REFERENCES public.auth_group(id) DEFERRABLE INITIALLY DEFERRED;


--
-- Name: auth_permission auth_permission_content_type_id_2f476e4b_fk_django_co; Type: FK CONSTRAINT; Schema: public; Owner: admin
--

ALTER TABLE ONLY public.auth_permission
    ADD CONSTRAINT auth_permission_content_type_id_2f476e4b_fk_django_co FOREIGN KEY (content_type_id) REFERENCES public.django_content_type(id) DEFERRABLE INITIALLY DEFERRED;


--
-- Name: auth_user_groups auth_user_groups_group_id_97559544_fk_auth_group_id; Type: FK CONSTRAINT; Schema: public; Owner: admin
--

ALTER TABLE ONLY public.auth_user_groups
    ADD CONSTRAINT auth_user_groups_group_id_97559544_fk_auth_group_id FOREIGN KEY (group_id) REFERENCES public.auth_group(id) DEFERRABLE INITIALLY DEFERRED;


--
-- Name: auth_user_groups auth_user_groups_user_id_6a12ed8b_fk_auth_user_id; Type: FK CONSTRAINT; Schema: public; Owner: admin
--

ALTER TABLE ONLY public.auth_user_groups
    ADD CONSTRAINT auth_user_groups_user_id_6a12ed8b_fk_auth_user_id FOREIGN KEY (user_id) REFERENCES public.auth_user(id) DEFERRABLE INITIALLY DEFERRED;


--
-- Name: auth_user_user_permissions auth_user_user_permi_permission_id_1fbb5f2c_fk_auth_perm; Type: FK CONSTRAINT; Schema: public; Owner: admin
--

ALTER TABLE ONLY public.auth_user_user_permissions
    ADD CONSTRAINT auth_user_user_permi_permission_id_1fbb5f2c_fk_auth_perm FOREIGN KEY (permission_id) REFERENCES public.auth_permission(id) DEFERRABLE INITIALLY DEFERRED;


--
-- Name: auth_user_user_permissions auth_user_user_permissions_user_id_a95ead1b_fk_auth_user_id; Type: FK CONSTRAINT; Schema: public; Owner: admin
--

ALTER TABLE ONLY public.auth_user_user_permissions
    ADD CONSTRAINT auth_user_user_permissions_user_id_a95ead1b_fk_auth_user_id FOREIGN KEY (user_id) REFERENCES public.auth_user(id) DEFERRABLE INITIALLY DEFERRED;


--
-- Name: django_admin_log django_admin_log_content_type_id_c4bce8eb_fk_django_co; Type: FK CONSTRAINT; Schema: public; Owner: admin
--

ALTER TABLE ONLY public.django_admin_log
    ADD CONSTRAINT django_admin_log_content_type_id_c4bce8eb_fk_django_co FOREIGN KEY (content_type_id) REFERENCES public.django_content_type(id) DEFERRABLE INITIALLY DEFERRED;


--
-- Name: django_admin_log django_admin_log_user_id_c564eba6_fk_auth_user_id; Type: FK CONSTRAINT; Schema: public; Owner: admin
--

ALTER TABLE ONLY public.django_admin_log
    ADD CONSTRAINT django_admin_log_user_id_c564eba6_fk_auth_user_id FOREIGN KEY (user_id) REFERENCES public.auth_user(id) DEFERRABLE INITIALLY DEFERRED;


--
-- Name: store_cartitem store_cartitem_product_id_4238d443_fk_store_product_id; Type: FK CONSTRAINT; Schema: public; Owner: admin
--

ALTER TABLE ONLY public.store_cartitem
    ADD CONSTRAINT store_cartitem_product_id_4238d443_fk_store_product_id FOREIGN KEY (product_id) REFERENCES public.store_product(id) DEFERRABLE INITIALLY DEFERRED;


--
-- Name: store_cartitem store_cartitem_user_id_3ff2f2b5_fk_auth_user_id; Type: FK CONSTRAINT; Schema: public; Owner: admin
--

ALTER TABLE ONLY public.store_cartitem
    ADD CONSTRAINT store_cartitem_user_id_3ff2f2b5_fk_auth_user_id FOREIGN KEY (user_id) REFERENCES public.auth_user(id) DEFERRABLE INITIALLY DEFERRED;


--
-- Name: store_order store_order_user_id_ae5f7a5f_fk_auth_user_id; Type: FK CONSTRAINT; Schema: public; Owner: admin
--

ALTER TABLE ONLY public.store_order
    ADD CONSTRAINT store_order_user_id_ae5f7a5f_fk_auth_user_id FOREIGN KEY (user_id) REFERENCES public.auth_user(id) DEFERRABLE INITIALLY DEFERRED;


--
-- Name: store_orderitem store_orderitem_order_id_acf8722d_fk_store_order_id; Type: FK CONSTRAINT; Schema: public; Owner: admin
--

ALTER TABLE ONLY public.store_orderitem
    ADD CONSTRAINT store_orderitem_order_id_acf8722d_fk_store_order_id FOREIGN KEY (order_id) REFERENCES public.store_order(id) DEFERRABLE INITIALLY DEFERRED;


--
-- Name: store_orderitem store_orderitem_product_id_f2b098d4_fk_store_product_id; Type: FK CONSTRAINT; Schema: public; Owner: admin
--

ALTER TABLE ONLY public.store_orderitem
    ADD CONSTRAINT store_orderitem_product_id_f2b098d4_fk_store_product_id FOREIGN KEY (product_id) REFERENCES public.store_product(id) DEFERRABLE INITIALLY DEFERRED;


--
-- Name: store_product store_product_category_id_574bae65_fk_store_category_id; Type: FK CONSTRAINT; Schema: public; Owner: admin
--

ALTER TABLE ONLY public.store_product
    ADD CONSTRAINT store_product_category_id_574bae65_fk_store_category_id FOREIGN KEY (category_id) REFERENCES public.store_category(id) DEFERRABLE INITIALLY DEFERRED;


--
-- Name: store_productreview store_productreview_product_id_28a58e2f_fk_store_product_id; Type: FK CONSTRAINT; Schema: public; Owner: admin
--

ALTER TABLE ONLY public.store_productreview
    ADD CONSTRAINT store_productreview_product_id_28a58e2f_fk_store_product_id FOREIGN KEY (product_id) REFERENCES public.store_product(id) DEFERRABLE INITIALLY DEFERRED;


--
-- Name: store_productreview store_productreview_user_id_7aa47bd8_fk_auth_user_id; Type: FK CONSTRAINT; Schema: public; Owner: admin
--

ALTER TABLE ONLY public.store_productreview
    ADD CONSTRAINT store_productreview_user_id_7aa47bd8_fk_auth_user_id FOREIGN KEY (user_id) REFERENCES public.auth_user(id) DEFERRABLE INITIALLY DEFERRED;


--
-- Name: store_stockhistory store_stockhistory_product_id_a8e76f8f_fk_store_product_id; Type: FK CONSTRAINT; Schema: public; Owner: admin
--

ALTER TABLE ONLY public.store_stockhistory
    ADD CONSTRAINT store_stockhistory_product_id_a8e76f8f_fk_store_product_id FOREIGN KEY (product_id) REFERENCES public.store_product(id) DEFERRABLE INITIALLY DEFERRED;


--
-- Name: store_stockhistory store_stockhistory_user_id_84839a46_fk_auth_user_id; Type: FK CONSTRAINT; Schema: public; Owner: admin
--

ALTER TABLE ONLY public.store_stockhistory
    ADD CONSTRAINT store_stockhistory_user_id_84839a46_fk_auth_user_id FOREIGN KEY (user_id) REFERENCES public.auth_user(id) DEFERRABLE INITIALLY DEFERRED;


--
-- PostgreSQL database dump complete
--

